"trait","ID","Gene","category","No.case","No.contr","mutation_rate","count_rate","high_background_variant","true_causal_variant","log_bf"
"trait1","v1_GENE01","GENE01","Mis",2,1,0.000219129762114026,0.000219129762114026,FALSE,FALSE,0.117783035656383
"trait1","v2_GENE01","GENE01","LoF",1,1,8.76318198628724e-05,8.76318198628724e-05,FALSE,FALSE,-0.587786664902119
"trait1","v3_GENE01","GENE01","Mis",0,2,0.000145684049590491,0.000145684049590491,FALSE,FALSE,-1.38629436111989
"trait1","v4_GENE01","GENE01","Mis",10,3,0.000188895988769364,0.000188895988769364,FALSE,TRUE,1.97520953940181
"trait1","v5_GENE01","GENE01","Mis",0,1,0.000173871286318172,0.000173871286318172,FALSE,FALSE,-0.693147180559945
"trait1","v6_GENE01","GENE01","Mis",4,3,0.000199790567164309,0.000199790567164309,FALSE,FALSE,-0.457581109247178
"trait1","v7_GENE01","GENE01","Mis",5,2,9.55142970359884e-05,9.55142970359884e-05,FALSE,TRUE,0.641031179420932
"trait1","v8_GENE01","GENE01","Mis",0,2,8.36203861190006e-05,8.36203861190006e-05,FALSE,FALSE,-1.38629436111989
"trait1","v9_GENE01","GENE01","Mis",2,1,0.000196082585612312,0.000196082585612312,FALSE,FALSE,0.117783035656383
"trait1","v10_GENE01","GENE01","LoF",2,1,0.000142211566655897,0.000142211566655897,FALSE,FALSE,-0.0769610411361288
"trait1","v11_GENE01","GENE01","Mis",3,0,0.000245786142568104,0.000245786142568104,FALSE,FALSE,1.21639532432449
"trait1","v12_GENE01","GENE01","Mis",5,1,0.000175498897947837,0.000175498897947837,FALSE,FALSE,1.33417835998088
"trait1","v13_GENE01","GENE01","Mis",5,1,8.89944607065991e-05,8.89944607065991e-05,FALSE,TRUE,1.33417835998088
"trait1","v14_GENE01","GENE01","LoF",0,0,0.000157222706882749,0.000157222706882749,FALSE,FALSE,0
"trait1","v15_GENE01","GENE01","Mis",1,5,0.000186679913166445,0.000186679913166445,FALSE,FALSE,-3.06027079469156
"trait1","v1_GENE02","GENE02","Mis",0,2,8.16738350014202e-05,8.16738350014202e-05,FALSE,FALSE,-1.38629436111989
"trait1","v2_GENE02","GENE02","Mis",0,4,0.000120310873263516,0.000120310873263516,FALSE,FALSE,-2.77258872223978
"trait1","v3_GENE02","GENE02","Mis",0,0,0.00010935674280161,0.00010935674280161,FALSE,FALSE,0
"trait1","v4_GENE02","GENE02","Mis",0,3,0.000210178846160416,0.000210178846160416,FALSE,FALSE,-2.07944154167984
"trait1","v5_GENE02","GENE02","LoF",1,2,0.000105237734969705,0.000105237734969705,FALSE,FALSE,-1.68639895357023
"trait1","v6_GENE02","GENE02","Mis",6,3,0.000117941622892395,0.000117941622892395,FALSE,TRUE,0.35334910696915
"trait1","v7_GENE02","GENE02","Mis",4,3,0.000224385769951623,0.000224385769951623,FALSE,FALSE,-0.457581109247178
"trait1","v8_GENE02","GENE02","Mis",1,1,9.28894190234132e-05,9.28894190234132e-05,FALSE,FALSE,-0.287682072451781
"trait1","v9_GENE02","GENE02","Mis",1,2,0.00016351429223083,0.00016351429223083,FALSE,FALSE,-0.980829253011726
"trait1","v10_GENE02","GENE02","Mis",2,3,0.000216661893734708,0.000216661893734708,FALSE,FALSE,-1.26851132546351
"trait1","v11_GENE02","GENE02","LoF",10,0,0.000124234292805195,0.000124234292805195,FALSE,TRUE,5.10825623765991
"trait1","v12_GENE02","GENE02","LoF",0,1,8.09914145781659e-05,8.09914145781659e-05,FALSE,FALSE,-1.09861228866811
"trait1","v13_GENE02","GENE02","Mis",3,2,9.50697968085296e-05,9.50697968085296e-05,FALSE,FALSE,-0.169899036795398
"trait1","v14_GENE02","GENE02","Mis",1,0,0.000138085614261217,0.000138085614261217,FALSE,FALSE,0.405465108108164
"trait1","v15_GENE02","GENE02","Mis",1,1,9.23630920471624e-05,9.23630920471624e-05,FALSE,FALSE,-0.287682072451781
"trait1","v1_GENE03","GENE03","LoF",0,3,0.000202846863893792,0.000202846863893792,FALSE,FALSE,-3.29583686600433
"trait1","v2_GENE03","GENE03","Mis",0,1,0.00019614054413978,0.00019614054413978,FALSE,FALSE,-0.693147180559945
"trait1","v3_GENE03","GENE03","Mis",2,3,0.000195894774158951,0.000195894774158951,FALSE,FALSE,-1.26851132546351
"trait1","v4_GENE03","GENE03","LoF",12,0,0.000116265038342681,0.000116265038342681,FALSE,TRUE,6.12990748519189
"trait1","v5_GENE03","GENE03","Mis",1,3,0.000132974415782373,0.000132974415782373,FALSE,FALSE,-1.67397643357167
"trait1","v6_GENE03","GENE03","Mis",3,1,0.00015364562046947,0.00015364562046947,FALSE,FALSE,0.523248143764547
"trait1","v7_GENE03","GENE03","Mis",1,3,0.000228931654437911,0.000228931654437911,FALSE,FALSE,-1.67397643357167
"trait1","v8_GENE03","GENE03","LoF",12,1,0.00013247311176965,0.00013247311176965,FALSE,TRUE,5.03129519652378
"trait1","v9_GENE03","GENE03","LoF",0,2,0.00017540317696752,0.00017540317696752,FALSE,FALSE,-2.19722457733622
"trait1","v10_GENE03","GENE03","Mis",3,1,0.000122789096997585,0.000122789096997585,FALSE,FALSE,0.523248143764547
"trait1","v11_GENE03","GENE03","Mis",7,3,0.000154572933397722,0.000154572933397722,FALSE,TRUE,0.758814215077314
"trait1","v12_GENE03","GENE03","LoF",2,0,0.000226116909163538,0.000226116909163538,FALSE,FALSE,1.02165124753198
"trait1","v13_GENE03","GENE03","Mis",2,2,0.000167187785685528,0.000167187785685528,FALSE,FALSE,-0.575364144903562
"trait1","v14_GENE03","GENE03","LoF",20,2,0.000153331653093919,0.000153331653093919,FALSE,TRUE,8.0192878979836
"trait1","v15_GENE03","GENE03","Mis",4,2,0.00018264416907914,0.00018264416907914,FALSE,FALSE,0.235566071312767
"trait1","v1_GENE04","GENE04","Mis",0,1,0.000125162678502966,0.000125162678502966,FALSE,FALSE,-0.693147180559945
"trait1","v2_GENE04","GENE04","LoF",18,4,0.000221762650888413,0.000221762650888413,FALSE,TRUE,4.80041207311539
"trait1","v3_GENE04","GENE04","LoF",11,2,0.000182920703990385,0.000182920703990385,FALSE,TRUE,3.42185728408968
"trait1","v4_GENE04","GENE04","Mis",21,3,0.000225816773322877,0.000225816773322877,FALSE,TRUE,6.43532572859161
"trait1","v5_GENE04","GENE04","Mis",4,2,0.000149700532827992,0.000149700532827992,FALSE,FALSE,0.235566071312767
"trait1","v6_GENE04","GENE04","Mis",2,0,0.000184858141059522,0.000184858141059522,FALSE,FALSE,0.810930216216329
"trait1","v7_GENE04","GENE04","LoF",15,2,0.000221017362284474,0.000221017362284474,FALSE,TRUE,5.46515977915364
"trait1","v8_GENE04","GENE04","Mis",0,2,0.000110609042632859,0.000110609042632859,FALSE,FALSE,-1.38629436111989
"trait1","v9_GENE04","GENE04","Mis",1,2,0.00017755856289994,0.00017755856289994,FALSE,FALSE,-0.980829253011726
"trait1","v10_GENE04","GENE04","LoF",11,4,0.000197825009387452,0.000197825009387452,FALSE,TRUE,1.22463270675346
"trait1","v11_GENE04","GENE04","Mis",2,4,0.000161896219593473,0.000161896219593473,FALSE,FALSE,-1.96165850602345
"trait1","v12_GENE04","GENE04","LoF",0,0,0.000204946882403456,0.000204946882403456,FALSE,FALSE,0
"trait1","v13_GENE04","GENE04","LoF",15,1,0.000170847562272102,0.000170847562272102,FALSE,TRUE,6.56377206782175
"trait1","v14_GENE04","GENE04","Mis",1,2,0.000197902871049009,0.000197902871049009,FALSE,FALSE,-0.980829253011726
"trait1","v15_GENE04","GENE04","Mis",1,4,0.000174837630831171,0.000174837630831171,FALSE,FALSE,-2.36712361413162
"trait1","v1_GENE05","GENE05","Mis",11,1,0.000215018597140443,0.000215018597140443,FALSE,TRUE,3.76696900862986
"trait1","v2_GENE05","GENE05","Mis",16,3,0.000244101912630722,0.000244101912630722,FALSE,TRUE,4.40800018805079
"trait1","v3_GENE05","GENE05","Mis",16,4,0.000202292682472616,0.000202292682472616,FALSE,TRUE,3.71485300749085
"trait1","v4_GENE05","GENE05","Mis",3,2,0.000140760190677829,0.000140760190677829,FALSE,FALSE,-0.169899036795398
"trait1","v5_GENE05","GENE05","Mis",0,2,9.08730491856113e-05,9.08730491856113e-05,FALSE,FALSE,-1.38629436111989
"trait1","v6_GENE05","GENE05","Mis",5,1,0.00021324642998632,0.00021324642998632,FALSE,FALSE,1.33417835998088
"trait1","v7_GENE05","GENE05","Mis",3,3,0.000223843271834776,0.000223843271834776,FALSE,FALSE,-0.863046217355343
"trait1","v8_GENE05","GENE05","Mis",11,0,0.000111767673967406,0.000111767673967406,FALSE,TRUE,4.46011618918981
"trait1","v9_GENE05","GENE05","LoF",0,0,9.52139519294724e-05,9.52139519294724e-05,FALSE,FALSE,0
"trait1","v10_GENE05","GENE05","LoF",4,2,0.00020205281397095,0.00020205281397095,FALSE,FALSE,-0.153922082272258
"trait1","v11_GENE05","GENE05","Mis",2,3,0.000128155093139503,0.000128155093139503,FALSE,FALSE,-1.26851132546351
"trait1","v12_GENE05","GENE05","Mis",2,1,0.000246030282396823,0.000246030282396823,FALSE,FALSE,0.117783035656383
"trait1","v13_GENE05","GENE05","Mis",3,1,0.000135938826277852,0.000135938826277852,FALSE,FALSE,0.523248143764547
"trait1","v14_GENE05","GENE05","Mis",5,2,0.000125651298915036,0.000125651298915036,FALSE,TRUE,0.641031179420932
"trait1","v15_GENE05","GENE05","Mis",10,3,0.000198526463583112,0.000198526463583112,FALSE,TRUE,1.97520953940181
"trait1","v1_GENE06","GENE06","Mis",1,2,0.000114930328731425,0.000114930328731425,FALSE,FALSE,-0.980829253011726
"trait1","v2_GENE06","GENE06","Mis",1,1,0.000182743634718936,0.000182743634718936,FALSE,FALSE,-0.287682072451781
"trait1","v3_GENE06","GENE06","LoF",20,2,0.000227157728769816,0.000227157728769816,FALSE,TRUE,8.0192878979836
"trait1","v4_GENE06","GENE06","Mis",1,2,0.000169090962011833,0.000169090962011833,FALSE,FALSE,-0.980829253011726
"trait1","v5_GENE06","GENE06","LoF",1,2,0.000154039400068577,0.000154039400068577,FALSE,FALSE,-1.68639895357023
"trait1","v6_GENE06","GENE06","LoF",0,1,8.42926359921694e-05,8.42926359921694e-05,FALSE,FALSE,-1.09861228866811
"trait1","v7_GENE06","GENE06","Mis",7,3,0.000168678344211075,0.000168678344211075,FALSE,TRUE,0.758814215077314
"trait1","v8_GENE06","GENE06","Mis",10,1,0.000144003117796965,0.000144003117796965,FALSE,TRUE,3.3615039005217
"trait1","v9_GENE06","GENE06","LoF",3,1,9.82719250419177e-05,9.82719250419177e-05,FALSE,FALSE,0.433864582629862
"trait1","v10_GENE06","GENE06","Mis",0,1,0.000100031568938866,0.000100031568938866,FALSE,FALSE,-0.693147180559945
"trait1","v11_GENE06","GENE06","LoF",17,2,0.000217266583074816,0.000217266583074816,FALSE,TRUE,6.48681102668562
"trait1","v12_GENE06","GENE06","Mis",0,3,0.000206901868791319,0.000206901868791319,FALSE,FALSE,-2.07944154167984
"trait1","v13_GENE06","GENE06","Mis",1,4,0.000220976510597393,0.000220976510597393,FALSE,FALSE,-2.36712361413162
"trait1","v14_GENE06","GENE06","LoF",21,2,0.000195142142646946,0.000195142142646946,FALSE,TRUE,8.53011352174958
"trait1","v15_GENE06","GENE06","LoF",15,6,0.00016612751587294,0.00016612751587294,FALSE,TRUE,1.0707106244812
"trait1","v1_GENE07","GENE07","Mis",11,5,0.000109265186476987,0.000874121491815895,TRUE,FALSE,0.994380286390082
"trait1","v2_GENE07","GENE07","Mis",16,13,0.000193626958394889,0.00154901566715911,TRUE,FALSE,-2.52347161754866
"trait1","v3_GENE07","GENE07","LoF",9,17,0.000208867285382003,0.00167093828305602,TRUE,FALSE,-14.078978293464
"trait1","v4_GENE07","GENE07","LoF",17,16,0.000208028952714521,0.00166423162171617,TRUE,FALSE,-8.89376101466791
"trait1","v5_GENE07","GENE07","Mis",14,12,0.00013924456814304,0.00111395654514432,TRUE,FALSE,-2.64125465320504
"trait1","v6_GENE07","GENE07","Mis",4,6,0.000104360804883763,0.000834886439070106,TRUE,FALSE,-2.53702265092701
"trait1","v7_GENE07","GENE07","Mis",14,11,0.000175618435773067,0.00140494748618454,TRUE,FALSE,-1.9481074726451
"trait1","v8_GENE07","GENE07","Mis",21,9,0.000233370203550439,0.00186696162840351,TRUE,FALSE,2.27644264523194
"trait1","v9_GENE07","GENE07","Mis",12,22,0.00018421368451789,0.00147370947614312,TRUE,FALSE,-10.3836566750208
"trait1","v10_GENE07","GENE07","Mis",7,4,9.00882010231726e-05,0.000720705608185381,TRUE,FALSE,0.06566703451737
"trait1","v11_GENE07","GENE07","Mis",2,2,0.000225166034530848,0.000225166034530848,FALSE,FALSE,-0.575364144903562
"trait1","v12_GENE07","GENE07","LoF",1,1,0.000209118583987001,0.000209118583987001,FALSE,FALSE,-0.587786664902119
"trait1","v13_GENE07","GENE07","LoF",15,12,9.94796276558191e-05,0.000795837021246553,TRUE,FALSE,-5.52096310752746
"trait1","v14_GENE07","GENE07","Mis",15,15,0.000232389948102646,0.00185911958482116,TRUE,FALSE,-4.31523108677671
"trait1","v15_GENE07","GENE07","LoF",18,29,0.000205606454692315,0.00164485163753852,TRUE,FALSE,-22.6648951435874
"trait1","v1_GENE08","GENE08","LoF",3,2,0.000147492798450403,0.000147492798450403,FALSE,FALSE,-0.664747706038247
"trait1","v2_GENE08","GENE08","Mis",7,15,0.00013149998477893,0.00105199987823144,TRUE,FALSE,-7.55895195164203
"trait1","v3_GENE08","GENE08","Mis",16,15,0.000156624238600489,0.00125299390880391,TRUE,FALSE,-3.90976597866855
"trait1","v4_GENE08","GENE08","Mis",9,8,0.000113152295998298,0.000905218367986381,TRUE,FALSE,-1.89599147150608
"trait1","v5_GENE08","GENE08","LoF",19,19,0.000223641081873793,0.00178912865499035,TRUE,FALSE,-11.1679466331403
"trait1","v6_GENE08","GENE08","LoF",4,2,0.000249079840504564,0.000249079840504564,FALSE,FALSE,-0.153922082272258
"trait1","v7_GENE08","GENE08","Mis",18,14,0.000188092519983184,0.00150474015986547,TRUE,FALSE,-2.40568858189228
"trait1","v8_GENE08","GENE08","Mis",13,19,0.000203503743037581,0.00162802994430065,TRUE,FALSE,-7.89875002523282
"trait1","v9_GENE08","GENE08","LoF",16,12,0.000161572160236537,0.0012925772818923,TRUE,FALSE,-5.01013748376147
"trait1","v10_GENE08","GENE08","LoF",6,12,0.000193613629620522,0.00154890903696418,TRUE,FALSE,-10.1183937214214
"trait1","v11_GENE08","GENE08","Mis",9,10,0.000133381479429081,0.00106705183543265,TRUE,FALSE,-3.28228583262597
"trait1","v12_GENE08","GENE08","Mis",19,20,0.000230760377796832,0.00184608302237466,TRUE,FALSE,-6.15910655714378
"trait1","v13_GENE08","GENE08","Mis",20,16,0.000189841100417543,0.00151872880334035,TRUE,FALSE,-2.98105272679583
"trait1","v14_GENE08","GENE08","Mis",17,22,0.000231022342825308,0.00184817874260247,TRUE,FALSE,-8.35633113448
"trait1","v15_GENE08","GENE08","Mis",16,17,0.000245021637009922,0.00196017309607938,TRUE,FALSE,-5.29606033978844
"trait1","v1_GENE09","GENE09","LoF",14,10,0.000125637743379921,0.00100510194703937,TRUE,FALSE,-3.83456415395723
"trait1","v2_GENE09","GENE09","LoF",0,0,0.000130718484236859,0.000130718484236859,FALSE,FALSE,0
"trait1","v3_GENE09","GENE09","Mis",12,6,0.000100787950612139,0.000806303604897112,TRUE,FALSE,0.7066982139383
"trait1","v4_GENE09","GENE09","LoF",2,1,0.000217585663234349,0.000217585663234349,FALSE,FALSE,-0.0769610411361288
"trait1","v5_GENE09","GENE09","LoF",17,20,0.000183727479786612,0.0014698198382929,TRUE,FALSE,-13.2882101693404
"trait1","v6_GENE09","GENE09","Mis",19,15,0.000237999281880911,0.00190399425504729,TRUE,FALSE,-2.69337065434406
"trait1","v7_GENE09","GENE09","LoF",6,1,0.000231718862273265,0.000231718862273265,FALSE,FALSE,1.96634145392783
"trait1","v8_GENE09","GENE09","Mis",12,21,0.000166386551179457,0.00133109240943566,TRUE,FALSE,-9.69050949446088
"trait1","v9_GENE09","GENE09","Mis",1,3,0.000225803318165708,0.000225803318165708,FALSE,FALSE,-1.67397643357167
"trait1","v10_GENE09","GENE09","LoF",14,12,0.000195862064009998,0.00156689651207998,TRUE,FALSE,-6.03178873129345
"trait1","v11_GENE09","GENE09","LoF",1,2,0.000141024921522476,0.000141024921522476,FALSE,FALSE,-1.68639895357023
"trait1","v12_GENE09","GENE09","LoF",0,2,0.00017800748236943,0.00017800748236943,FALSE,FALSE,-2.19722457733622
"trait1","v13_GENE09","GENE09","Mis",2,1,0.000104833824797533,0.000104833824797533,FALSE,FALSE,0.117783035656383
"trait1","v14_GENE09","GENE09","LoF",19,17,0.000200471190481912,0.0016037695238553,TRUE,FALSE,-8.97072205580405
"trait1","v15_GENE09","GENE09","LoF",11,11,0.000158299915276002,0.00126639932220802,TRUE,FALSE,-6.46565331392331
"trait1","v1_GENE10","GENE10","Mis",1,2,0.000171819236672018,0.000171819236672018,FALSE,FALSE,-0.980829253011726
"trait1","v2_GENE10","GENE10","Mis",14,13,0.0001298086808878,0.0010384694471024,TRUE,FALSE,-3.33440183376499
"trait1","v3_GENE10","GENE10","Mis",8,8,8.21700865519233e-05,0.000657360692415386,TRUE,FALSE,-2.30145657961425
"trait1","v4_GENE10","GENE10","LoF",0,0,9.92976676113904e-05,9.92976676113904e-05,FALSE,FALSE,0
"trait1","v5_GENE10","GENE10","Mis",5,5,9.14416969846934e-05,0.000731533575877547,TRUE,FALSE,-1.4384103622589
"trait1","v6_GENE10","GENE10","Mis",3,0,8.59273421578109e-05,8.59273421578109e-05,FALSE,FALSE,1.21639532432449
"trait1","v7_GENE10","GENE10","LoF",8,9,9.9460214972496e-05,0.000795681719779968,TRUE,FALSE,-5.80090560788507
"trait1","v8_GENE10","GENE10","Mis",0,0,0.000154055471147876,0.000154055471147876,FALSE,FALSE,0
"trait1","v9_GENE10","GENE10","Mis",17,17,0.000211140776497778,0.00168912621198222,TRUE,FALSE,-4.89059523168028
"trait1","v10_GENE10","GENE10","Mis",9,6,9.26348899188452e-05,0.000741079119350761,TRUE,FALSE,-0.509697110386194
"trait1","v11_GENE10","GENE10","Mis",14,7,0.000129235710385256,0.00103388568308204,TRUE,FALSE,0.824481249594683
"trait1","v12_GENE10","GENE10","Mis",4,1,0.000123850804162212,0.000123850804162212,FALSE,FALSE,0.928713251872713
"trait1","v13_GENE10","GENE10","Mis",11,17,0.00020107613250846,0.00160860906006768,TRUE,FALSE,-7.32338588032926
"trait1","v14_GENE10","GENE10","Mis",6,10,0.000117602635838557,0.000940821086708456,TRUE,FALSE,-4.49868115695047
"trait1","v15_GENE10","GENE10","Mis",8,8,9.71934506040998e-05,0.000777547604832798,TRUE,FALSE,-2.30145657961425
"trait1","v1_GENE11","GENE11","LoF",15,18,0.000173999460604973,0.00139199568483979,TRUE,FALSE,-12.1126368395361
"trait1","v2_GENE11","GENE11","Mis",2,2,0.000227708431398496,0.000227708431398496,FALSE,FALSE,-0.575364144903562
"trait1","v3_GENE11","GENE11","Mis",7,8,0.000107869146177545,0.000862953169420362,TRUE,FALSE,-2.70692168772241
"trait1","v4_GENE11","GENE11","LoF",2,0,0.000182936645401642,0.000182936645401642,FALSE,FALSE,1.02165124753198
"trait1","v5_GENE11","GENE11","LoF",11,8,0.000105188334533013,0.000841506676264107,TRUE,FALSE,-3.16981644791898
"trait1","v6_GENE11","GENE11","Mis",7,9,0.000124033480111975,0.000992267840895802,TRUE,FALSE,-3.40006886828236
"trait1","v7_GENE11","GENE11","Mis",1,0,0.000119556313354988,0.000119556313354988,FALSE,FALSE,0.405465108108164
"trait1","v8_GENE11","GENE11","Mis",9,6,9.29129868629389e-05,0.000743303894903511,TRUE,FALSE,-0.509697110386194
"trait1","v9_GENE11","GENE11","Mis",17,25,0.000192243921235204,0.00153795136988163,TRUE,FALSE,-10.4357726761598
"trait1","v10_GENE11","GENE11","Mis",14,21,0.000233059409954585,0.00186447527963668,TRUE,FALSE,-8.87957927824455
"trait1","v11_GENE11","GENE11","LoF",11,14,0.000141683618710376,0.00113346894968301,TRUE,FALSE,-9.76149017992764
"trait1","v12_GENE11","GENE11","LoF",11,12,0.000158340656768996,0.00126672525415197,TRUE,FALSE,-7.56426560259142
"trait1","v13_GENE11","GENE11","Mis",18,8,0.000238597460507881,0.00190877968406305,TRUE,FALSE,1.7531945014674
"trait1","v14_GENE11","GENE11","LoF",4,2,0.000240449415107723,0.000240449415107723,FALSE,FALSE,-0.153922082272258
"trait1","v15_GENE11","GENE11","Mis",17,22,0.000244540675641038,0.0019563254051283,TRUE,FALSE,-8.35633113448
"trait1","v1_GENE12","GENE12","Mis",12,14,0.000129583167817909,0.00103666534254327,TRUE,FALSE,-4.83847923054126
"trait1","v2_GENE12","GENE12","Mis",20,18,0.000195687090603169,0.00156549672482535,TRUE,FALSE,-4.36734708791573
"trait1","v3_GENE12","GENE12","Mis",6,8,9.26438066549599e-05,0.000741150453239679,TRUE,FALSE,-3.11238679583058
"trait1","v4_GENE12","GENE12","Mis",16,23,0.000228767924825661,0.00183014339860529,TRUE,FALSE,-9.45494342314812
"trait1","v5_GENE12","GENE12","LoF",10,23,0.000227030845503323,0.00181624676402658,TRUE,FALSE,-20.1598264017066
"trait1","v6_GENE12","GENE12","LoF",18,13,0.000140458114645444,0.00112366491716355,TRUE,FALSE,-5.0870985248976
"trait1","v7_GENE12","GENE12","LoF",10,15,0.000181139499575365,0.00144911599660292,TRUE,FALSE,-11.3709280923617
"trait1","v8_GENE12","GENE12","Mis",7,7,0.000118407648529392,0.000947261188235134,TRUE,FALSE,-2.01377450716246
"trait1","v9_GENE12","GENE12","LoF",15,10,0.000212808581579011,0.00170246865263209,TRUE,FALSE,-3.32373853019124
"trait1","v10_GENE12","GENE12","Mis",16,13,0.000197821448938921,0.00158257159151137,TRUE,FALSE,-2.52347161754866
"trait1","v11_GENE12","GENE12","Mis",11,9,8.4847192405723e-05,0.000678777539245784,TRUE,FALSE,-1.7782084358497
"trait1","v12_GENE12","GENE12","LoF",15,13,0.000166756235875655,0.00133404988700524,TRUE,FALSE,-6.61957539619557
"trait1","v13_GENE12","GENE12","LoF",20,22,0.000221070380008314,0.00176856304006651,TRUE,FALSE,-13.9529578753786
"trait1","v14_GENE12","GENE12","LoF",1,1,0.000194316588416696,0.000194316588416696,FALSE,FALSE,-0.587786664902119
"trait1","v15_GENE12","GENE12","Mis",20,13,0.000222452548835427,0.00177962039068341,TRUE,FALSE,-0.901611185115998
"trait1","v1_GENE13","GENE13","LoF",4,2,0.000204858853793703,0.000204858853793703,FALSE,FALSE,-0.153922082272258
"trait1","v2_GENE13","GENE13","Mis",17,15,0.000167087985149119,0.00133670388119295,TRUE,FALSE,-3.50430087056039
"trait1","v3_GENE13","GENE13","Mis",14,13,0.000159215568134096,0.00127372454507276,TRUE,FALSE,-3.33440183376499
"trait1","v4_GENE13","GENE13","Mis",9,28,0.000207551655694842,0.00166041324555874,TRUE,FALSE,-15.758935082705
"trait1","v5_GENE13","GENE13","Mis",14,23,0.000144657944892533,0.00115726355914027,TRUE,FALSE,-10.2658736393644
"trait1","v6_GENE13","GENE13","Mis",17,32,0.000211169932927005,0.00168935946341604,TRUE,FALSE,-15.2878029400795
"trait1","v7_GENE13","GENE13","Mis",2,2,0.00024768964947667,0.00024768964947667,FALSE,FALSE,-0.575364144903562
"trait1","v8_GENE13","GENE13","LoF",24,19,0.000192874027173966,0.00154299221739173,TRUE,FALSE,-8.61381851431031
"trait1","v9_GENE13","GENE13","Mis",17,17,0.000226550914670806,0.00181240731736645,TRUE,FALSE,-4.89059523168028
"trait1","v10_GENE13","GENE13","Mis",17,14,0.000174543181622867,0.00139634545298293,TRUE,FALSE,-2.81115369000044
"trait1","v11_GENE13","GENE13","Mis",1,1,0.000105720413133968,0.000105720413133968,FALSE,FALSE,-0.287682072451781
"trait1","v12_GENE13","GENE13","Mis",5,9,8.04426334588789e-05,0.000643541067671031,TRUE,FALSE,-4.21099908449869
"trait1","v13_GENE13","GENE13","Mis",19,19,0.000247305121351965,0.00197844097081572,TRUE,FALSE,-5.46595937658384
"trait1","v14_GENE13","GENE13","Mis",3,4,0.00017768972319318,0.00017768972319318,FALSE,FALSE,-1.55619339791529
"trait1","v15_GENE13","GENE13","Mis",12,6,8.64110668096691e-05,0.000691288534477353,TRUE,FALSE,0.7066982139383
"trait1","v1_GENE14","GENE14","Mis",10,12,0.000171305769947357,0.00137044615957886,TRUE,FALSE,-4.2631150856377
"trait1","v2_GENE14","GENE14","Mis",17,16,0.000213130977298133,0.00170504781838506,TRUE,FALSE,-4.19744805112033
"trait1","v3_GENE14","GENE14","Mis",1,0,8.93989817751572e-05,8.93989817751572e-05,FALSE,FALSE,0.405465108108164
"trait1","v4_GENE14","GENE14","LoF",1,0,9.14453982235864e-05,9.14453982235864e-05,FALSE,FALSE,0.510825623765991
"trait1","v5_GENE14","GENE14","LoF",15,22,0.000135382887134328,0.00108306309707463,TRUE,FALSE,-16.5070859942086
"trait1","v6_GENE14","GENE14","LoF",7,15,0.000153304599297699,0.00122643679438159,TRUE,FALSE,-12.9034049636597
"trait1","v7_GENE14","GENE14","LoF",21,21,0.000242957654460333,0.00194366123568267,TRUE,FALSE,-12.3435199629445
"trait1","v8_GENE14","GENE14","Mis",13,8,0.000115813650034834,0.00092650920027867,TRUE,FALSE,-0.274131039073426
"trait1","v9_GENE14","GENE14","Mis",1,1,8.32433878444135e-05,8.32433878444135e-05,FALSE,FALSE,-0.287682072451781
"trait1","v10_GENE14","GENE14","Mis",8,11,8.80565076763742e-05,0.000704452061410993,TRUE,FALSE,-4.38089812129408
"trait1","v11_GENE14","GENE14","LoF",17,14,0.000226138628679328,0.00180910902943462,TRUE,FALSE,-6.69653643733169
"trait1","v12_GENE14","GENE14","Mis",18,12,0.00018007763764821,0.00144062110118568,TRUE,FALSE,-1.01939422077239
"trait1","v13_GENE14","GENE14","Mis",5,6,0.00010354351291433,0.000828348103314638,TRUE,FALSE,-2.13155754281885
"trait1","v14_GENE14","GENE14","Mis",0,0,8.42730932845734e-05,8.42730932845734e-05,FALSE,FALSE,0
"trait1","v15_GENE14","GENE14","LoF",9,12,0.00016929394937586,0.00135435159500688,TRUE,FALSE,-8.5859168501234
"trait1","v1_GENE15","GENE15","Mis",1,1,0.00022341449033469,0.00022341449033469,FALSE,FALSE,-0.287682072451781
"trait1","v2_GENE15","GENE15","Mis",1,1,0.000213786488713231,0.000213786488713231,FALSE,FALSE,-0.287682072451781
"trait1","v3_GENE15","GENE15","Mis",1,3,0.000233329155184329,0.000233329155184329,FALSE,FALSE,-1.67397643357167
"trait1","v4_GENE15","GENE15","Mis",3,2,0.000102654330187943,0.000102654330187943,FALSE,FALSE,-0.169899036795398
"trait1","v5_GENE15","GENE15","Mis",4,2,0.000234972371547483,0.000234972371547483,FALSE,FALSE,0.235566071312767
"trait1","v6_GENE15","GENE15","LoF",1,3,0.000122526238146238,0.000122526238146238,FALSE,FALSE,-2.78501124223834
"trait1","v7_GENE15","GENE15","Mis",2,3,0.000226696758167818,0.000226696758167818,FALSE,FALSE,-1.26851132546351
"trait1","v8_GENE15","GENE15","Mis",3,1,0.000173535781144165,0.000173535781144165,FALSE,FALSE,0.523248143764547
"trait1","v9_GENE15","GENE15","LoF",0,2,0.000110808773017488,0.000110808773017488,FALSE,FALSE,-2.19722457733622
"trait1","v10_GENE15","GENE15","Mis",3,2,0.000184945045325439,0.000184945045325439,FALSE,FALSE,-0.169899036795398
"trait1","v11_GENE15","GENE15","LoF",3,3,0.000225003250909504,0.000225003250909504,FALSE,FALSE,-1.76335999470636
"trait1","v12_GENE15","GENE15","LoF",1,2,0.000127772663333453,0.000127772663333453,FALSE,FALSE,-1.68639895357023
"trait1","v13_GENE15","GENE15","Mis",0,1,0.000106435772366822,0.000106435772366822,FALSE,FALSE,-0.693147180559945
"trait1","v14_GENE15","GENE15","LoF",1,0,9.02490415633656e-05,9.02490415633656e-05,FALSE,FALSE,0.510825623765991
"trait1","v15_GENE15","GENE15","Mis",0,0,8.26329347281717e-05,8.26329347281717e-05,FALSE,FALSE,0
"trait1","v1_GENE16","GENE16","Mis",1,2,8.2073509588372e-05,8.2073509588372e-05,FALSE,FALSE,-0.980829253011726
"trait1","v2_GENE16","GENE16","Mis",2,1,0.000176694794911891,0.000176694794911891,FALSE,FALSE,0.117783035656383
"trait1","v3_GENE16","GENE16","Mis",3,1,0.000200321512238588,0.000200321512238588,FALSE,FALSE,0.523248143764547
"trait1","v4_GENE16","GENE16","LoF",3,3,0.000191104353754781,0.000191104353754781,FALSE,FALSE,-1.76335999470636
"trait1","v5_GENE16","GENE16","LoF",1,1,0.000222593170660548,0.000222593170660548,FALSE,FALSE,-0.587786664902119
"trait1","v6_GENE16","GENE16","Mis",3,0,0.000158828779803589,0.000158828779803589,FALSE,FALSE,1.21639532432449
"trait1","v7_GENE16","GENE16","LoF",1,2,0.000145127271602396,0.000145127271602396,FALSE,FALSE,-1.68639895357023
"trait1","v8_GENE16","GENE16","LoF",4,1,0.000107948798651341,0.000107948798651341,FALSE,FALSE,0.944690206395853
"trait1","v9_GENE16","GENE16","LoF",1,3,0.00015549165166216,0.00015549165166216,FALSE,FALSE,-2.78501124223834
"trait1","v10_GENE16","GENE16","Mis",3,2,0.000114256441066973,0.000114256441066973,FALSE,FALSE,-0.169899036795398
"trait1","v11_GENE16","GENE16","Mis",0,2,0.000104025547804777,0.000104025547804777,FALSE,FALSE,-1.38629436111989
"trait1","v12_GENE16","GENE16","LoF",6,5,0.000205243455024902,0.000205243455024902,FALSE,FALSE,-2.42810770074461
"trait1","v13_GENE16","GENE16","Mis",1,0,0.000192731337111909,0.000192731337111909,FALSE,FALSE,0.405465108108164
"trait1","v14_GENE16","GENE16","LoF",1,1,0.000123055576817133,0.000123055576817133,FALSE,FALSE,-0.587786664902119
"trait1","v15_GENE16","GENE16","Mis",5,2,0.00020468712679809,0.00020468712679809,FALSE,FALSE,0.641031179420932
"trait1","v1_GENE17","GENE17","LoF",0,2,9.32661102665588e-05,9.32661102665588e-05,FALSE,FALSE,-2.19722457733622
"trait1","v2_GENE17","GENE17","Mis",3,1,0.000230328635463957,0.000230328635463957,FALSE,FALSE,0.523248143764547
"trait1","v3_GENE17","GENE17","LoF",0,1,8.5459840814583e-05,8.5459840814583e-05,FALSE,FALSE,-1.09861228866811
"trait1","v4_GENE17","GENE17","Mis",2,1,0.000235533534777351,0.000235533534777351,FALSE,FALSE,0.117783035656383
"trait1","v5_GENE17","GENE17","Mis",0,2,0.000170030076552648,0.000170030076552648,FALSE,FALSE,-1.38629436111989
"trait1","v6_GENE17","GENE17","Mis",1,0,0.000141652572753374,0.000141652572753374,FALSE,FALSE,0.405465108108164
"trait1","v7_GENE17","GENE17","Mis",0,2,0.000174911295538768,0.000174911295538768,FALSE,FALSE,-1.38629436111989
"trait1","v8_GENE17","GENE17","Mis",2,2,0.000215476872024592,0.000215476872024592,FALSE,FALSE,-0.575364144903562
"trait1","v9_GENE17","GENE17","Mis",3,1,0.000209012640011497,0.000209012640011497,FALSE,FALSE,0.523248143764547
"trait1","v10_GENE17","GENE17","Mis",2,1,0.000140184434410185,0.000140184434410185,FALSE,FALSE,0.117783035656383
"trait1","v11_GENE17","GENE17","Mis",0,2,0.000145995468173642,0.000145995468173642,FALSE,FALSE,-1.38629436111989
"trait1","v12_GENE17","GENE17","Mis",2,1,0.000136945926058106,0.000136945926058106,FALSE,FALSE,0.117783035656383
"trait1","v13_GENE17","GENE17","Mis",2,0,8.870801941026e-05,8.870801941026e-05,FALSE,FALSE,0.810930216216329
"trait1","v14_GENE17","GENE17","Mis",2,2,0.000215236480773892,0.000215236480773892,FALSE,FALSE,-0.575364144903562
"trait1","v15_GENE17","GENE17","Mis",2,2,0.000199948635317851,0.000199948635317851,FALSE,FALSE,-0.575364144903562
"trait1","v1_GENE18","GENE18","Mis",1,1,0.000133444428078365,0.000133444428078365,FALSE,FALSE,-0.287682072451781
"trait1","v2_GENE18","GENE18","Mis",2,0,0.000146423280884046,0.000146423280884046,FALSE,FALSE,0.810930216216329
"trait1","v3_GENE18","GENE18","LoF",0,3,0.000132148806652986,0.000132148806652986,FALSE,FALSE,-3.29583686600433
"trait1","v4_GENE18","GENE18","Mis",4,1,0.000223320233542472,0.000223320233542472,FALSE,FALSE,0.928713251872713
"trait1","v5_GENE18","GENE18","LoF",1,0,8.36019154684618e-05,8.36019154684618e-05,FALSE,FALSE,0.510825623765991
"trait1","v6_GENE18","GENE18","LoF",4,2,0.000210005775501486,0.000210005775501486,FALSE,FALSE,-0.153922082272258
"trait1","v7_GENE18","GENE18","Mis",3,2,0.000236782418433577,0.000236782418433577,FALSE,FALSE,-0.169899036795398
"trait1","v8_GENE18","GENE18","Mis",3,3,0.000178367389279883,0.000178367389279883,FALSE,FALSE,-0.863046217355343
"trait1","v9_GENE18","GENE18","Mis",1,3,0.000212265615256038,0.000212265615256038,FALSE,FALSE,-1.67397643357167
"trait1","v10_GENE18","GENE18","LoF",3,0,0.000138860524571501,0.000138860524571501,FALSE,FALSE,1.53247687129797
"trait1","v11_GENE18","GENE18","LoF",0,1,0.000121459807557985,0.000121459807557985,FALSE,FALSE,-1.09861228866811
"trait1","v12_GENE18","GENE18","Mis",2,1,0.000125136049056891,0.000125136049056891,FALSE,FALSE,0.117783035656383
"trait1","v13_GENE18","GENE18","Mis",3,4,0.000164806606052443,0.000164806606052443,FALSE,FALSE,-1.55619339791529
"trait1","v14_GENE18","GENE18","Mis",1,2,0.000219665811937302,0.000219665811937302,FALSE,FALSE,-0.980829253011726
"trait1","v15_GENE18","GENE18","LoF",1,4,0.00021957192186499,0.00021957192186499,FALSE,FALSE,-3.88362353090645
"trait1","v1_GENE19","GENE19","Mis",3,0,0.000119934929392766,0.000119934929392766,FALSE,FALSE,1.21639532432449
"trait1","v2_GENE19","GENE19","Mis",1,3,0.000229704121637624,0.000229704121637624,FALSE,FALSE,-1.67397643357167
"trait1","v3_GENE19","GENE19","Mis",1,0,0.000225271970273461,0.000225271970273461,FALSE,FALSE,0.405465108108164
"trait1","v4_GENE19","GENE19","Mis",1,2,0.000166229877234437,0.000166229877234437,FALSE,FALSE,-0.980829253011726
"trait1","v5_GENE19","GENE19","LoF",0,0,8.49440032942221e-05,8.49440032942221e-05,FALSE,FALSE,0
"trait1","v6_GENE19","GENE19","LoF",3,0,0.000120918672182597,0.000120918672182597,FALSE,FALSE,1.53247687129797
"trait1","v7_GENE19","GENE19","Mis",2,0,0.000150569826036226,0.000150569826036226,FALSE,FALSE,0.810930216216329
"trait1","v8_GENE19","GENE19","LoF",1,1,0.000129618879132904,0.000129618879132904,FALSE,FALSE,-0.587786664902119
"trait1","v9_GENE19","GENE19","Mis",3,1,0.000189632262119558,0.000189632262119558,FALSE,FALSE,0.523248143764547
"trait1","v10_GENE19","GENE19","Mis",0,1,8.13158507482149e-05,8.13158507482149e-05,FALSE,FALSE,-0.693147180559945
"trait1","v11_GENE19","GENE19","LoF",0,4,0.000168954137212131,0.000168954137212131,FALSE,FALSE,-4.39444915467244
"trait1","v12_GENE19","GENE19","Mis",1,2,0.000141118538761511,0.000141118538761511,FALSE,FALSE,-0.980829253011726
"trait1","v13_GENE19","GENE19","LoF",4,0,0.000175739868073724,0.000175739868073724,FALSE,FALSE,2.04330249506396
"trait1","v14_GENE19","GENE19","Mis",0,0,0.000144075733998325,0.000144075733998325,FALSE,FALSE,0
"trait1","v15_GENE19","GENE19","LoF",1,3,0.000185929434595164,0.000185929434595164,FALSE,FALSE,-2.78501124223834
"trait1","v1_GENE20","GENE20","LoF",3,1,0.00018099967780523,0.00018099967780523,FALSE,FALSE,0.433864582629862
"trait1","v2_GENE20","GENE20","Mis",2,1,0.000226952674831264,0.000226952674831264,FALSE,FALSE,0.117783035656383
"trait1","v3_GENE20","GENE20","LoF",2,2,0.000245537922352087,0.000245537922352087,FALSE,FALSE,-1.17557332980424
"trait1","v4_GENE20","GENE20","Mis",0,1,0.000129479251310695,0.000129479251310695,FALSE,FALSE,-0.693147180559945
"trait1","v5_GENE20","GENE20","Mis",1,0,0.000113025158857927,0.000113025158857927,FALSE,FALSE,0.405465108108164
"trait1","v6_GENE20","GENE20","Mis",1,2,0.000111141032928135,0.000111141032928135,FALSE,FALSE,-0.980829253011726
"trait1","v7_GENE20","GENE20","Mis",0,1,0.00015065766845597,0.00015065766845597,FALSE,FALSE,-0.693147180559945
"trait1","v8_GENE20","GENE20","Mis",2,2,0.000135607379998546,0.000135607379998546,FALSE,FALSE,-0.575364144903562
"trait1","v9_GENE20","GENE20","Mis",0,0,0.000101320515507832,0.000101320515507832,FALSE,FALSE,0
"trait1","v10_GENE20","GENE20","Mis",3,0,0.000156601614931133,0.000156601614931133,FALSE,FALSE,1.21639532432449
"trait1","v11_GENE20","GENE20","Mis",0,1,9.65673460089602e-05,9.65673460089602e-05,FALSE,FALSE,-0.693147180559945
"trait1","v12_GENE20","GENE20","Mis",3,5,0.000214809580212459,0.000214809580212459,FALSE,FALSE,-2.24934057847523
"trait1","v13_GENE20","GENE20","Mis",1,2,0.000151953649397474,0.000151953649397474,FALSE,FALSE,-0.980829253011726
"trait1","v14_GENE20","GENE20","Mis",3,3,0.000196406256360933,0.000196406256360933,FALSE,FALSE,-0.863046217355343
"trait1","v15_GENE20","GENE20","Mis",0,2,0.000168545557803009,0.000168545557803009,FALSE,FALSE,-1.38629436111989
"trait1","v1_GENE21","GENE21","Mis",0,4,0.000106085252971388,0.000106085252971388,FALSE,FALSE,-2.77258872223978
"trait1","v2_GENE21","GENE21","Mis",2,2,0.000217210839868058,0.000217210839868058,FALSE,FALSE,-0.575364144903562
"trait1","v3_GENE21","GENE21","Mis",0,0,0.000101989564844407,0.000101989564844407,FALSE,FALSE,0
"trait1","v4_GENE21","GENE21","Mis",3,4,0.000171820002093446,0.000171820002093446,FALSE,FALSE,-1.55619339791529
"trait1","v5_GENE21","GENE21","Mis",2,2,0.000217531747610774,0.000217531747610774,FALSE,FALSE,-0.575364144903562
"trait1","v6_GENE21","GENE21","Mis",3,0,8.45971910352819e-05,8.45971910352819e-05,FALSE,FALSE,1.21639532432449
"trait1","v7_GENE21","GENE21","Mis",1,0,0.000137843650765717,0.000137843650765717,FALSE,FALSE,0.405465108108164
"trait1","v8_GENE21","GENE21","Mis",0,3,0.000191706082420424,0.000191706082420424,FALSE,FALSE,-2.07944154167984
"trait1","v9_GENE21","GENE21","LoF",6,3,0.000222490010787733,0.000222490010787733,FALSE,FALSE,-0.230883123408387
"trait1","v10_GENE21","GENE21","LoF",0,4,0.000140254000443965,0.000140254000443965,FALSE,FALSE,-4.39444915467244
"trait1","v11_GENE21","GENE21","Mis",2,2,0.000217152448480483,0.000217152448480483,FALSE,FALSE,-0.575364144903562
"trait1","v12_GENE21","GENE21","Mis",3,5,0.000248607659791596,0.000248607659791596,FALSE,FALSE,-2.24934057847523
"trait1","v13_GENE21","GENE21","LoF",2,0,0.000143373744348064,0.000143373744348064,FALSE,FALSE,1.02165124753198
"trait1","v14_GENE21","GENE21","Mis",1,0,0.0001096443174663,0.0001096443174663,FALSE,FALSE,0.405465108108164
"trait1","v15_GENE21","GENE21","Mis",2,2,0.000189481831872836,0.000189481831872836,FALSE,FALSE,-0.575364144903562
"trait1","v1_GENE22","GENE22","Mis",2,0,9.35850082337856e-05,9.35850082337856e-05,FALSE,FALSE,0.810930216216329
"trait1","v2_GENE22","GENE22","Mis",2,0,0.000167652227955405,0.000167652227955405,FALSE,FALSE,0.810930216216329
"trait1","v3_GENE22","GENE22","Mis",2,1,8.62739377492108e-05,8.62739377492108e-05,FALSE,FALSE,0.117783035656383
"trait1","v4_GENE22","GENE22","Mis",2,0,0.000189137334045954,0.000189137334045954,FALSE,FALSE,0.810930216216329
"trait1","v5_GENE22","GENE22","LoF",4,1,0.000146878239812795,0.000146878239812795,FALSE,FALSE,0.944690206395853
"trait1","v6_GENE22","GENE22","Mis",3,2,0.00019904145731125,0.00019904145731125,FALSE,FALSE,-0.169899036795398
"trait1","v7_GENE22","GENE22","Mis",3,3,0.000225253993200604,0.000225253993200604,FALSE,FALSE,-0.863046217355343
"trait1","v8_GENE22","GENE22","Mis",0,4,0.000183973517494742,0.000183973517494742,FALSE,FALSE,-2.77258872223978
"trait1","v9_GENE22","GENE22","Mis",4,5,0.000157358107946347,0.000157358107946347,FALSE,FALSE,-1.84387547036707
"trait1","v10_GENE22","GENE22","Mis",1,3,0.000237270796648227,0.000237270796648227,FALSE,FALSE,-1.67397643357167
"trait1","v11_GENE22","GENE22","Mis",0,1,0.000222357614689972,0.000222357614689972,FALSE,FALSE,-0.693147180559945
"trait1","v12_GENE22","GENE22","Mis",2,3,0.000216728062869515,0.000216728062869515,FALSE,FALSE,-1.26851132546351
"trait1","v13_GENE22","GENE22","LoF",1,2,0.000149200789779425,0.000149200789779425,FALSE,FALSE,-1.68639895357023
"trait1","v14_GENE22","GENE22","LoF",4,1,0.000164966760650277,0.000164966760650277,FALSE,FALSE,0.944690206395853
"trait1","v15_GENE22","GENE22","LoF",3,5,0.000249635752297472,0.000249635752297472,FALSE,FALSE,-3.96058457204258
"trait1","v1_GENE23","GENE23","LoF",1,1,0.000246354598556645,0.000246354598556645,FALSE,FALSE,-0.587786664902119
"trait1","v2_GENE23","GENE23","Mis",3,1,0.000107103245579638,0.000107103245579638,FALSE,FALSE,0.523248143764547
"trait1","v3_GENE23","GENE23","Mis",0,3,0.000197499507691246,0.000197499507691246,FALSE,FALSE,-2.07944154167984
"trait1","v4_GENE23","GENE23","Mis",1,2,9.1063847199548e-05,9.1063847199548e-05,FALSE,FALSE,-0.980829253011726
"trait1","v5_GENE23","GENE23","LoF",3,0,0.00010022183110239,0.00010022183110239,FALSE,FALSE,1.53247687129797
"trait1","v6_GENE23","GENE23","Mis",5,2,0.000245129860506859,0.000245129860506859,FALSE,FALSE,0.641031179420932
"trait1","v7_GENE23","GENE23","Mis",3,1,0.000224847589293495,0.000224847589293495,FALSE,FALSE,0.523248143764547
"trait1","v8_GENE23","GENE23","Mis",3,1,0.000189845019788481,0.000189845019788481,FALSE,FALSE,0.523248143764547
"trait1","v9_GENE23","GENE23","LoF",1,1,8.65446749632247e-05,8.65446749632247e-05,FALSE,FALSE,-0.587786664902119
"trait1","v10_GENE23","GENE23","Mis",0,1,0.00013403332803864,0.00013403332803864,FALSE,FALSE,-0.693147180559945
"trait1","v11_GENE23","GENE23","Mis",0,1,8.36979755014181e-05,8.36979755014181e-05,FALSE,FALSE,-0.693147180559945
"trait1","v12_GENE23","GENE23","Mis",1,1,0.000113610662790015,0.000113610662790015,FALSE,FALSE,-0.287682072451781
"trait1","v13_GENE23","GENE23","Mis",3,1,0.00020659425514983,0.00020659425514983,FALSE,FALSE,0.523248143764547
"trait1","v14_GENE23","GENE23","Mis",4,4,0.000235093173675705,0.000235093173675705,FALSE,FALSE,-1.15072828980712
"trait1","v15_GENE23","GENE23","LoF",4,2,0.000196018406541552,0.000196018406541552,FALSE,FALSE,-0.153922082272258
"trait1","v1_GENE24","GENE24","Mis",2,3,0.000201802164893597,0.000201802164893597,FALSE,FALSE,-1.26851132546351
"trait1","v2_GENE24","GENE24","Mis",0,0,0.000117486218397971,0.000117486218397971,FALSE,FALSE,0
"trait1","v3_GENE24","GENE24","Mis",2,5,0.000155634802409913,0.000155634802409913,FALSE,FALSE,-2.6548056865834
"trait1","v4_GENE24","GENE24","LoF",2,3,0.000168667348392773,0.000168667348392773,FALSE,FALSE,-2.27418561847235
"trait1","v5_GENE24","GENE24","Mis",2,0,0.000199907610423397,0.000199907610423397,FALSE,FALSE,0.810930216216329
"trait1","v6_GENE24","GENE24","LoF",1,5,0.00024059180961689,0.00024059180961689,FALSE,FALSE,-4.98223581957456
"trait1","v7_GENE24","GENE24","Mis",3,1,0.000146649304195307,0.000146649304195307,FALSE,FALSE,0.523248143764547
"trait1","v8_GENE24","GENE24","Mis",2,3,0.00022109368997626,0.00022109368997626,FALSE,FALSE,-1.26851132546351
"trait1","v9_GENE24","GENE24","LoF",2,3,0.000229159730153624,0.000229159730153624,FALSE,FALSE,-2.27418561847235
"trait1","v10_GENE24","GENE24","Mis",1,1,0.000192409120656084,0.000192409120656084,FALSE,FALSE,-0.287682072451781
"trait1","v11_GENE24","GENE24","LoF",1,2,0.000136743728853762,0.000136743728853762,FALSE,FALSE,-1.68639895357023
"trait1","v12_GENE24","GENE24","Mis",2,1,0.000135319912005216,0.000135319912005216,FALSE,FALSE,0.117783035656383
"trait1","v13_GENE24","GENE24","Mis",4,3,0.000241482086090837,0.000241482086090837,FALSE,FALSE,-0.457581109247178
"trait1","v14_GENE24","GENE24","LoF",1,1,0.000205812924054917,0.000205812924054917,FALSE,FALSE,-0.587786664902119
"trait1","v15_GENE24","GENE24","Mis",2,1,0.000135400898642838,0.000135400898642838,FALSE,FALSE,0.117783035656383
"trait1","v1_GENE25","GENE25","Mis",3,1,9.42536425613798e-05,9.42536425613798e-05,FALSE,FALSE,0.523248143764547
"trait1","v2_GENE25","GENE25","Mis",4,1,0.000246185242950451,0.000246185242950451,FALSE,FALSE,0.928713251872713
"trait1","v3_GENE25","GENE25","LoF",3,7,0.000206168036018498,0.000206168036018498,FALSE,FALSE,-6.1578091493788
"trait1","v4_GENE25","GENE25","LoF",1,2,8.46833708067425e-05,8.46833708067425e-05,FALSE,FALSE,-1.68639895357023
"trait1","v5_GENE25","GENE25","Mis",2,0,0.000204003661628813,0.000204003661628813,FALSE,FALSE,0.810930216216329
"trait1","v6_GENE25","GENE25","Mis",2,0,0.000126467435904779,0.000126467435904779,FALSE,FALSE,0.810930216216329
"trait1","v7_GENE25","GENE25","LoF",1,6,0.000200733520369977,0.000200733520369977,FALSE,FALSE,-6.08084810824267
"trait1","v8_GENE25","GENE25","Mis",0,1,0.000149639123689849,0.000149639123689849,FALSE,FALSE,-0.693147180559945
"trait1","v9_GENE25","GENE25","LoF",5,2,0.000120230048710946,0.000120230048710946,FALSE,FALSE,0.356903541493734
"trait1","v10_GENE25","GENE25","Mis",1,0,8.62190304184333e-05,8.62190304184333e-05,FALSE,FALSE,0.405465108108164
"trait1","v11_GENE25","GENE25","Mis",0,2,9.54092477541417e-05,9.54092477541417e-05,FALSE,FALSE,-1.38629436111989
"trait1","v12_GENE25","GENE25","Mis",1,2,0.000180991823151708,0.000180991823151708,FALSE,FALSE,-0.980829253011726
"trait1","v13_GENE25","GENE25","Mis",2,2,0.000139716969877481,0.000139716969877481,FALSE,FALSE,-0.575364144903562
"trait1","v14_GENE25","GENE25","LoF",0,0,0.000125065850871615,0.000125065850871615,FALSE,FALSE,0
"trait1","v15_GENE25","GENE25","LoF",0,2,0.000128505205481779,0.000128505205481779,FALSE,FALSE,-2.19722457733622
"trait1","v1_GENE26","GENE26","Mis",1,0,0.000211995049586985,0.000211995049586985,FALSE,FALSE,0.405465108108164
"trait1","v2_GENE26","GENE26","Mis",0,4,0.000201591091167647,0.000201591091167647,FALSE,FALSE,-2.77258872223978
"trait1","v3_GENE26","GENE26","LoF",2,1,8.82438872987405e-05,8.82438872987405e-05,FALSE,FALSE,-0.0769610411361288
"trait1","v4_GENE26","GENE26","Mis",7,5,0.000244138804771937,0.000244138804771937,FALSE,FALSE,-0.627480146042576
"trait1","v5_GENE26","GENE26","Mis",1,0,0.000114279770667199,0.000114279770667199,FALSE,FALSE,0.405465108108164
"trait1","v6_GENE26","GENE26","Mis",0,4,0.000188902760955971,0.000188902760955971,FALSE,FALSE,-2.77258872223978
"trait1","v7_GENE26","GENE26","LoF",3,3,0.00016450978608802,0.00016450978608802,FALSE,FALSE,-1.76335999470636
"trait1","v8_GENE26","GENE26","Mis",2,2,0.000183449532380328,0.000183449532380328,FALSE,FALSE,-0.575364144903562
"trait1","v9_GENE26","GENE26","Mis",2,0,0.000108990273524541,0.000108990273524541,FALSE,FALSE,0.810930216216329
"trait1","v10_GENE26","GENE26","LoF",0,0,0.000137963230269961,0.000137963230269961,FALSE,FALSE,0
"trait1","v11_GENE26","GENE26","LoF",2,1,0.000203072412824258,0.000203072412824258,FALSE,FALSE,-0.0769610411361288
"trait1","v12_GENE26","GENE26","Mis",0,2,9.89780791499652e-05,9.89780791499652e-05,FALSE,FALSE,-1.38629436111989
"trait1","v13_GENE26","GENE26","Mis",1,2,0.000192173450691625,0.000192173450691625,FALSE,FALSE,-0.980829253011726
"trait1","v14_GENE26","GENE26","LoF",0,2,0.000246819478713442,0.000246819478713442,FALSE,FALSE,-2.19722457733622
"trait1","v15_GENE26","GENE26","LoF",2,4,0.000192367094832007,0.000192367094832007,FALSE,FALSE,-3.37279790714046
"trait1","v1_GENE27","GENE27","LoF",0,3,0.000247865085192025,0.000247865085192025,FALSE,FALSE,-3.29583686600433
"trait1","v2_GENE27","GENE27","Mis",2,1,0.000238781668250449,0.000238781668250449,FALSE,FALSE,0.117783035656383
"trait1","v3_GENE27","GENE27","Mis",4,1,0.000239870558443945,0.000239870558443945,FALSE,FALSE,0.928713251872713
"trait1","v4_GENE27","GENE27","LoF",1,2,0.000188224458799232,0.000188224458799232,FALSE,FALSE,-1.68639895357023
"trait1","v5_GENE27","GENE27","LoF",1,3,0.000245648010955192,0.000245648010955192,FALSE,FALSE,-2.78501124223834
"trait1","v6_GENE27","GENE27","Mis",1,0,0.000119772519061808,0.000119772519061808,FALSE,FALSE,0.405465108108164
"trait1","v7_GENE27","GENE27","Mis",1,0,0.000137039798595943,0.000137039798595943,FALSE,FALSE,0.405465108108164
"trait1","v8_GENE27","GENE27","LoF",0,0,8.55132714100182e-05,8.55132714100182e-05,FALSE,FALSE,0
"trait1","v9_GENE27","GENE27","Mis",2,3,0.000234103617831133,0.000234103617831133,FALSE,FALSE,-1.26851132546351
"trait1","v10_GENE27","GENE27","Mis",1,2,0.000227234239366371,0.000227234239366371,FALSE,FALSE,-0.980829253011726
"trait1","v11_GENE27","GENE27","Mis",0,5,0.000236647203559987,0.000236647203559987,FALSE,FALSE,-3.46573590279973
"trait1","v12_GENE27","GENE27","Mis",1,1,8.12903669010848e-05,8.12903669010848e-05,FALSE,FALSE,-0.287682072451781
"trait1","v13_GENE27","GENE27","Mis",2,1,0.000214237848918419,0.000214237848918419,FALSE,FALSE,0.117783035656383
"trait1","v14_GENE27","GENE27","LoF",3,2,0.000123498197491281,0.000123498197491281,FALSE,FALSE,-0.664747706038247
"trait1","v15_GENE27","GENE27","LoF",0,2,0.000165834664795548,0.000165834664795548,FALSE,FALSE,-2.19722457733622
"trait1","v1_GENE28","GENE28","LoF",2,1,0.000200588725220878,0.000200588725220878,FALSE,FALSE,-0.0769610411361288
"trait1","v2_GENE28","GENE28","Mis",1,4,0.000245941916119773,0.000245941916119773,FALSE,FALSE,-2.36712361413162
"trait1","v3_GENE28","GENE28","Mis",0,5,0.000137041744249873,0.000137041744249873,FALSE,FALSE,-3.46573590279973
"trait1","v4_GENE28","GENE28","LoF",2,0,0.000178525688468944,0.000178525688468944,FALSE,FALSE,1.02165124753198
"trait1","v5_GENE28","GENE28","Mis",1,1,0.000201354035465047,0.000201354035465047,FALSE,FALSE,-0.287682072451781
"trait1","v6_GENE28","GENE28","Mis",2,1,0.000183518852575216,0.000183518852575216,FALSE,FALSE,0.117783035656383
"trait1","v7_GENE28","GENE28","LoF",2,1,0.000142944236453623,0.000142944236453623,FALSE,FALSE,-0.0769610411361288
"trait1","v8_GENE28","GENE28","Mis",2,4,0.000248327291044407,0.000248327291044407,FALSE,FALSE,-1.96165850602345
"trait1","v9_GENE28","GENE28","Mis",3,3,0.000219476221506484,0.000219476221506484,FALSE,FALSE,-0.863046217355343
"trait1","v10_GENE28","GENE28","LoF",2,3,0.00023459335118765,0.00023459335118765,FALSE,FALSE,-2.27418561847235
"trait1","v11_GENE28","GENE28","Mis",0,3,0.000207987214487512,0.000207987214487512,FALSE,FALSE,-2.07944154167984
"trait1","v12_GENE28","GENE28","Mis",0,1,0.000181991625542287,0.000181991625542287,FALSE,FALSE,-0.693147180559945
"trait1","v13_GENE28","GENE28","Mis",4,2,0.000187203220254742,0.000187203220254742,FALSE,FALSE,0.235566071312767
"trait1","v14_GENE28","GENE28","Mis",3,0,0.000115935677874368,0.000115935677874368,FALSE,FALSE,1.21639532432449
"trait1","v15_GENE28","GENE28","Mis",0,2,0.000117921623298898,0.000117921623298898,FALSE,FALSE,-1.38629436111989
"trait1","v1_GENE29","GENE29","LoF",1,1,0.000207498002138454,0.000207498002138454,FALSE,FALSE,-0.587786664902119
"trait1","v2_GENE29","GENE29","Mis",6,4,0.000118594575976022,0.000118594575976022,FALSE,FALSE,-0.339798073590796
"trait1","v3_GENE29","GENE29","Mis",1,3,0.000170411852397956,0.000170411852397956,FALSE,FALSE,-1.67397643357167
"trait1","v4_GENE29","GENE29","Mis",2,1,0.000107390480558388,0.000107390480558388,FALSE,FALSE,0.117783035656383
"trait1","v5_GENE29","GENE29","LoF",0,2,0.00023309736180352,0.00023309736180352,FALSE,FALSE,-2.19722457733622
"trait1","v6_GENE29","GENE29","Mis",0,2,0.000233314546749461,0.000233314546749461,FALSE,FALSE,-1.38629436111989
"trait1","v7_GENE29","GENE29","Mis",0,2,0.000126531907520257,0.000126531907520257,FALSE,FALSE,-1.38629436111989
"trait1","v8_GENE29","GENE29","LoF",0,2,0.000115514059741981,0.000115514059741981,FALSE,FALSE,-2.19722457733622
"trait1","v9_GENE29","GENE29","Mis",0,2,0.000175175735896919,0.000175175735896919,FALSE,FALSE,-1.38629436111989
"trait1","v10_GENE29","GENE29","Mis",0,3,0.000205920108268037,0.000205920108268037,FALSE,FALSE,-2.07944154167984
"trait1","v11_GENE29","GENE29","Mis",4,2,0.000174578158983495,0.000174578158983495,FALSE,FALSE,0.235566071312767
"trait1","v12_GENE29","GENE29","Mis",2,0,0.000241607952872291,0.000241607952872291,FALSE,FALSE,0.810930216216329
"trait1","v13_GENE29","GENE29","LoF",2,0,0.000178373201820068,0.000178373201820068,FALSE,FALSE,1.02165124753198
"trait1","v14_GENE29","GENE29","LoF",4,2,0.000160330248572864,0.000160330248572864,FALSE,FALSE,-0.153922082272258
"trait1","v15_GENE29","GENE29","Mis",5,1,0.000172032954976894,0.000172032954976894,FALSE,FALSE,1.33417835998088
"trait1","v1_GENE30","GENE30","Mis",0,4,0.000148042338658124,0.000148042338658124,FALSE,FALSE,-2.77258872223978
"trait1","v2_GENE30","GENE30","Mis",3,1,0.000142764483299106,0.000142764483299106,FALSE,FALSE,0.523248143764547
"trait1","v3_GENE30","GENE30","Mis",2,1,0.000100337491354439,0.000100337491354439,FALSE,FALSE,0.117783035656383
"trait1","v4_GENE30","GENE30","Mis",1,1,9.33739254437387e-05,9.33739254437387e-05,FALSE,FALSE,-0.287682072451781
"trait1","v5_GENE30","GENE30","Mis",1,1,0.00014772496456746,0.00014772496456746,FALSE,FALSE,-0.287682072451781
"trait1","v6_GENE30","GENE30","LoF",1,1,0.000110302891398314,0.000110302891398314,FALSE,FALSE,-0.587786664902119
"trait1","v7_GENE30","GENE30","LoF",1,0,0.000132109657076653,0.000132109657076653,FALSE,FALSE,0.510825623765991
"trait1","v8_GENE30","GENE30","LoF",1,2,0.000174204167060088,0.000174204167060088,FALSE,FALSE,-1.68639895357023
"trait1","v9_GENE30","GENE30","Mis",1,4,0.00019766988995485,0.00019766988995485,FALSE,FALSE,-2.36712361413162
"trait1","v10_GENE30","GENE30","LoF",7,1,0.000240353804915212,0.000240353804915212,FALSE,FALSE,2.47716707769382
"trait1","v11_GENE30","GENE30","Mis",2,4,0.000248154011238366,0.000248154011238366,FALSE,FALSE,-1.96165850602345
"trait1","v12_GENE30","GENE30","LoF",2,1,0.000153544334766921,0.000153544334766921,FALSE,FALSE,-0.0769610411361288
"trait1","v13_GENE30","GENE30","Mis",1,1,8.18257533432916e-05,8.18257533432916e-05,FALSE,FALSE,-0.287682072451781
"trait1","v14_GENE30","GENE30","Mis",2,0,0.000112969829195645,0.000112969829195645,FALSE,FALSE,0.810930216216329
"trait1","v15_GENE30","GENE30","Mis",0,0,8.33323486312293e-05,8.33323486312293e-05,FALSE,FALSE,0
"trait2","trait2_v1_GENE01","GENE01","Mis",1,6,0.000219129762114026,0.000219129762114026,FALSE,FALSE,0
"trait2","trait2_v2_GENE01","GENE01","LoF",0,0,8.76318198628724e-05,8.76318198628724e-05,FALSE,FALSE,0
"trait2","trait2_v3_GENE01","GENE01","Mis",2,1,0.000145684049590491,0.000145684049590491,FALSE,FALSE,0
"trait2","trait2_v4_GENE01","GENE01","Mis",1,0,0.000188895988769364,0.000188895988769364,FALSE,FALSE,0
"trait2","trait2_v5_GENE01","GENE01","Mis",1,1,0.000173871286318172,0.000173871286318172,FALSE,FALSE,0
"trait2","trait2_v6_GENE01","GENE01","Mis",2,2,0.000199790567164309,0.000199790567164309,FALSE,FALSE,0
"trait2","trait2_v7_GENE01","GENE01","Mis",0,2,9.55142970359884e-05,9.55142970359884e-05,FALSE,FALSE,0
"trait2","trait2_v8_GENE01","GENE01","Mis",0,3,8.36203861190006e-05,8.36203861190006e-05,FALSE,FALSE,0
"trait2","trait2_v9_GENE01","GENE01","Mis",4,1,0.000196082585612312,0.000196082585612312,FALSE,FALSE,0
"trait2","trait2_v10_GENE01","GENE01","LoF",2,0,0.000142211566655897,0.000142211566655897,FALSE,FALSE,0
"trait2","trait2_v11_GENE01","GENE01","Mis",2,0,0.000245786142568104,0.000245786142568104,FALSE,FALSE,0
"trait2","trait2_v12_GENE01","GENE01","Mis",3,0,0.000175498897947837,0.000175498897947837,FALSE,FALSE,0
"trait2","trait2_v13_GENE01","GENE01","Mis",0,1,8.89944607065991e-05,8.89944607065991e-05,FALSE,FALSE,0
"trait2","trait2_v14_GENE01","GENE01","LoF",3,1,0.000157222706882749,0.000157222706882749,FALSE,FALSE,0
"trait2","trait2_v15_GENE01","GENE01","Mis",1,4,0.000186679913166445,0.000186679913166445,FALSE,FALSE,0
"trait2","trait2_v1_GENE02","GENE02","Mis",0,3,8.16738350014202e-05,8.16738350014202e-05,FALSE,FALSE,0
"trait2","trait2_v2_GENE02","GENE02","Mis",1,1,0.000120310873263516,0.000120310873263516,FALSE,FALSE,0
"trait2","trait2_v3_GENE02","GENE02","Mis",1,1,0.00010935674280161,0.00010935674280161,FALSE,FALSE,0
"trait2","trait2_v4_GENE02","GENE02","Mis",0,4,0.000210178846160416,0.000210178846160416,FALSE,FALSE,0
"trait2","trait2_v5_GENE02","GENE02","LoF",0,1,0.000105237734969705,0.000105237734969705,FALSE,FALSE,0
"trait2","trait2_v6_GENE02","GENE02","Mis",0,2,0.000117941622892395,0.000117941622892395,FALSE,FALSE,0
"trait2","trait2_v7_GENE02","GENE02","Mis",3,2,0.000224385769951623,0.000224385769951623,FALSE,FALSE,0
"trait2","trait2_v8_GENE02","GENE02","Mis",0,0,9.28894190234132e-05,9.28894190234132e-05,FALSE,FALSE,0
"trait2","trait2_v9_GENE02","GENE02","Mis",3,1,0.00016351429223083,0.00016351429223083,FALSE,FALSE,0
"trait2","trait2_v10_GENE02","GENE02","Mis",7,3,0.000216661893734708,0.000216661893734708,FALSE,FALSE,0
"trait2","trait2_v11_GENE02","GENE02","LoF",3,3,0.000124234292805195,0.000124234292805195,FALSE,FALSE,0
"trait2","trait2_v12_GENE02","GENE02","LoF",0,1,8.09914145781659e-05,8.09914145781659e-05,FALSE,FALSE,0
"trait2","trait2_v13_GENE02","GENE02","Mis",0,3,9.50697968085296e-05,9.50697968085296e-05,FALSE,FALSE,0
"trait2","trait2_v14_GENE02","GENE02","Mis",2,0,0.000138085614261217,0.000138085614261217,FALSE,FALSE,0
"trait2","trait2_v15_GENE02","GENE02","Mis",1,0,9.23630920471624e-05,9.23630920471624e-05,FALSE,FALSE,0
"trait2","trait2_v1_GENE03","GENE03","LoF",3,3,0.000202846863893792,0.000202846863893792,FALSE,FALSE,0
"trait2","trait2_v2_GENE03","GENE03","Mis",3,6,0.00019614054413978,0.00019614054413978,FALSE,FALSE,0
"trait2","trait2_v3_GENE03","GENE03","Mis",3,4,0.000195894774158951,0.000195894774158951,FALSE,FALSE,0
"trait2","trait2_v4_GENE03","GENE03","LoF",2,1,0.000116265038342681,0.000116265038342681,FALSE,FALSE,0
"trait2","trait2_v5_GENE03","GENE03","Mis",1,1,0.000132974415782373,0.000132974415782373,FALSE,FALSE,0
"trait2","trait2_v6_GENE03","GENE03","Mis",3,2,0.00015364562046947,0.00015364562046947,FALSE,FALSE,0
"trait2","trait2_v7_GENE03","GENE03","Mis",3,6,0.000228931654437911,0.000228931654437911,FALSE,FALSE,0
"trait2","trait2_v8_GENE03","GENE03","LoF",2,1,0.00013247311176965,0.00013247311176965,FALSE,FALSE,0
"trait2","trait2_v9_GENE03","GENE03","LoF",2,2,0.00017540317696752,0.00017540317696752,FALSE,FALSE,0
"trait2","trait2_v10_GENE03","GENE03","Mis",0,2,0.000122789096997585,0.000122789096997585,FALSE,FALSE,0
"trait2","trait2_v11_GENE03","GENE03","Mis",0,0,0.000154572933397722,0.000154572933397722,FALSE,FALSE,0
"trait2","trait2_v12_GENE03","GENE03","LoF",5,3,0.000226116909163538,0.000226116909163538,FALSE,FALSE,0
"trait2","trait2_v13_GENE03","GENE03","Mis",2,3,0.000167187785685528,0.000167187785685528,FALSE,FALSE,0
"trait2","trait2_v14_GENE03","GENE03","LoF",2,2,0.000153331653093919,0.000153331653093919,FALSE,FALSE,0
"trait2","trait2_v15_GENE03","GENE03","Mis",0,4,0.00018264416907914,0.00018264416907914,FALSE,FALSE,0
"trait2","trait2_v1_GENE04","GENE04","Mis",3,0,0.000125162678502966,0.000125162678502966,FALSE,FALSE,0
"trait2","trait2_v2_GENE04","GENE04","LoF",2,1,0.000221762650888413,0.000221762650888413,FALSE,FALSE,0
"trait2","trait2_v3_GENE04","GENE04","LoF",4,2,0.000182920703990385,0.000182920703990385,FALSE,FALSE,0
"trait2","trait2_v4_GENE04","GENE04","Mis",2,2,0.000225816773322877,0.000225816773322877,FALSE,FALSE,0
"trait2","trait2_v5_GENE04","GENE04","Mis",1,3,0.000149700532827992,0.000149700532827992,FALSE,FALSE,0
"trait2","trait2_v6_GENE04","GENE04","Mis",3,1,0.000184858141059522,0.000184858141059522,FALSE,FALSE,0
"trait2","trait2_v7_GENE04","GENE04","LoF",2,5,0.000221017362284474,0.000221017362284474,FALSE,FALSE,0
"trait2","trait2_v8_GENE04","GENE04","Mis",2,1,0.000110609042632859,0.000110609042632859,FALSE,FALSE,0
"trait2","trait2_v9_GENE04","GENE04","Mis",5,1,0.00017755856289994,0.00017755856289994,FALSE,FALSE,0
"trait2","trait2_v10_GENE04","GENE04","LoF",1,4,0.000197825009387452,0.000197825009387452,FALSE,FALSE,0
"trait2","trait2_v11_GENE04","GENE04","Mis",4,1,0.000161896219593473,0.000161896219593473,FALSE,FALSE,0
"trait2","trait2_v12_GENE04","GENE04","LoF",1,2,0.000204946882403456,0.000204946882403456,FALSE,FALSE,0
"trait2","trait2_v13_GENE04","GENE04","LoF",1,2,0.000170847562272102,0.000170847562272102,FALSE,FALSE,0
"trait2","trait2_v14_GENE04","GENE04","Mis",0,0,0.000197902871049009,0.000197902871049009,FALSE,FALSE,0
"trait2","trait2_v15_GENE04","GENE04","Mis",7,2,0.000174837630831171,0.000174837630831171,FALSE,FALSE,0
"trait2","trait2_v1_GENE05","GENE05","Mis",1,1,0.000215018597140443,0.000215018597140443,FALSE,FALSE,0
"trait2","trait2_v2_GENE05","GENE05","Mis",2,2,0.000244101912630722,0.000244101912630722,FALSE,FALSE,0
"trait2","trait2_v3_GENE05","GENE05","Mis",0,2,0.000202292682472616,0.000202292682472616,FALSE,FALSE,0
"trait2","trait2_v4_GENE05","GENE05","Mis",1,1,0.000140760190677829,0.000140760190677829,FALSE,FALSE,0
"trait2","trait2_v5_GENE05","GENE05","Mis",1,0,9.08730491856113e-05,9.08730491856113e-05,FALSE,FALSE,0
"trait2","trait2_v6_GENE05","GENE05","Mis",1,0,0.00021324642998632,0.00021324642998632,FALSE,FALSE,0
"trait2","trait2_v7_GENE05","GENE05","Mis",4,2,0.000223843271834776,0.000223843271834776,FALSE,FALSE,0
"trait2","trait2_v8_GENE05","GENE05","Mis",2,0,0.000111767673967406,0.000111767673967406,FALSE,FALSE,0
"trait2","trait2_v9_GENE05","GENE05","LoF",2,0,9.52139519294724e-05,9.52139519294724e-05,FALSE,FALSE,0
"trait2","trait2_v10_GENE05","GENE05","LoF",2,1,0.00020205281397095,0.00020205281397095,FALSE,FALSE,0
"trait2","trait2_v11_GENE05","GENE05","Mis",1,1,0.000128155093139503,0.000128155093139503,FALSE,FALSE,0
"trait2","trait2_v12_GENE05","GENE05","Mis",0,1,0.000246030282396823,0.000246030282396823,FALSE,FALSE,0
"trait2","trait2_v13_GENE05","GENE05","Mis",3,3,0.000135938826277852,0.000135938826277852,FALSE,FALSE,0
"trait2","trait2_v14_GENE05","GENE05","Mis",1,1,0.000125651298915036,0.000125651298915036,FALSE,FALSE,0
"trait2","trait2_v15_GENE05","GENE05","Mis",1,1,0.000198526463583112,0.000198526463583112,FALSE,FALSE,0
"trait2","trait2_v1_GENE06","GENE06","Mis",3,2,0.000114930328731425,0.000114930328731425,FALSE,FALSE,0
"trait2","trait2_v2_GENE06","GENE06","Mis",2,1,0.000182743634718936,0.000182743634718936,FALSE,FALSE,0
"trait2","trait2_v3_GENE06","GENE06","LoF",3,1,0.000227157728769816,0.000227157728769816,FALSE,FALSE,0
"trait2","trait2_v4_GENE06","GENE06","Mis",0,0,0.000169090962011833,0.000169090962011833,FALSE,FALSE,0
"trait2","trait2_v5_GENE06","GENE06","LoF",0,2,0.000154039400068577,0.000154039400068577,FALSE,FALSE,0
"trait2","trait2_v6_GENE06","GENE06","LoF",2,2,8.42926359921694e-05,8.42926359921694e-05,FALSE,FALSE,0
"trait2","trait2_v7_GENE06","GENE06","Mis",3,0,0.000168678344211075,0.000168678344211075,FALSE,FALSE,0
"trait2","trait2_v8_GENE06","GENE06","Mis",2,0,0.000144003117796965,0.000144003117796965,FALSE,FALSE,0
"trait2","trait2_v9_GENE06","GENE06","LoF",3,0,9.82719250419177e-05,9.82719250419177e-05,FALSE,FALSE,0
"trait2","trait2_v10_GENE06","GENE06","Mis",1,3,0.000100031568938866,0.000100031568938866,FALSE,FALSE,0
"trait2","trait2_v11_GENE06","GENE06","LoF",4,3,0.000217266583074816,0.000217266583074816,FALSE,FALSE,0
"trait2","trait2_v12_GENE06","GENE06","Mis",2,1,0.000206901868791319,0.000206901868791319,FALSE,FALSE,0
"trait2","trait2_v13_GENE06","GENE06","Mis",2,4,0.000220976510597393,0.000220976510597393,FALSE,FALSE,0
"trait2","trait2_v14_GENE06","GENE06","LoF",0,2,0.000195142142646946,0.000195142142646946,FALSE,FALSE,0
"trait2","trait2_v15_GENE06","GENE06","LoF",1,1,0.00016612751587294,0.00016612751587294,FALSE,FALSE,0
"trait2","trait2_v1_GENE07","GENE07","Mis",1,1,0.000109265186476987,0.000874121491815895,FALSE,FALSE,0
"trait2","trait2_v2_GENE07","GENE07","Mis",0,2,0.000193626958394889,0.00154901566715911,FALSE,FALSE,0
"trait2","trait2_v3_GENE07","GENE07","LoF",3,0,0.000208867285382003,0.00167093828305602,FALSE,FALSE,0
"trait2","trait2_v4_GENE07","GENE07","LoF",2,1,0.000208028952714521,0.00166423162171617,FALSE,FALSE,0
"trait2","trait2_v5_GENE07","GENE07","Mis",0,1,0.00013924456814304,0.00111395654514432,FALSE,FALSE,0
"trait2","trait2_v6_GENE07","GENE07","Mis",2,2,0.000104360804883763,0.000834886439070106,FALSE,FALSE,0
"trait2","trait2_v7_GENE07","GENE07","Mis",3,1,0.000175618435773067,0.00140494748618454,FALSE,FALSE,0
"trait2","trait2_v8_GENE07","GENE07","Mis",4,3,0.000233370203550439,0.00186696162840351,FALSE,FALSE,0
"trait2","trait2_v9_GENE07","GENE07","Mis",3,6,0.00018421368451789,0.00147370947614312,FALSE,FALSE,0
"trait2","trait2_v10_GENE07","GENE07","Mis",1,2,9.00882010231726e-05,0.000720705608185381,FALSE,FALSE,0
"trait2","trait2_v11_GENE07","GENE07","Mis",3,3,0.000225166034530848,0.000225166034530848,FALSE,FALSE,0
"trait2","trait2_v12_GENE07","GENE07","LoF",6,5,0.000209118583987001,0.000209118583987001,FALSE,FALSE,0
"trait2","trait2_v13_GENE07","GENE07","LoF",1,1,9.94796276558191e-05,0.000795837021246553,FALSE,FALSE,0
"trait2","trait2_v14_GENE07","GENE07","Mis",2,0,0.000232389948102646,0.00185911958482116,FALSE,FALSE,0
"trait2","trait2_v15_GENE07","GENE07","LoF",0,2,0.000205606454692315,0.00164485163753852,FALSE,FALSE,0
"trait2","trait2_v1_GENE08","GENE08","LoF",2,1,0.000147492798450403,0.000147492798450403,FALSE,FALSE,0
"trait2","trait2_v2_GENE08","GENE08","Mis",1,0,0.00013149998477893,0.00105199987823144,FALSE,FALSE,0
"trait2","trait2_v3_GENE08","GENE08","Mis",0,0,0.000156624238600489,0.00125299390880391,FALSE,FALSE,0
"trait2","trait2_v4_GENE08","GENE08","Mis",0,1,0.000113152295998298,0.000905218367986381,FALSE,FALSE,0
"trait2","trait2_v5_GENE08","GENE08","LoF",6,3,0.000223641081873793,0.00178912865499035,FALSE,FALSE,0
"trait2","trait2_v6_GENE08","GENE08","LoF",0,6,0.000249079840504564,0.000249079840504564,FALSE,FALSE,0
"trait2","trait2_v7_GENE08","GENE08","Mis",2,3,0.000188092519983184,0.00150474015986547,FALSE,FALSE,0
"trait2","trait2_v8_GENE08","GENE08","Mis",1,1,0.000203503743037581,0.00162802994430065,FALSE,FALSE,0
"trait2","trait2_v9_GENE08","GENE08","LoF",0,3,0.000161572160236537,0.0012925772818923,FALSE,FALSE,0
"trait2","trait2_v10_GENE08","GENE08","LoF",4,1,0.000193613629620522,0.00154890903696418,FALSE,FALSE,0
"trait2","trait2_v11_GENE08","GENE08","Mis",2,1,0.000133381479429081,0.00106705183543265,FALSE,FALSE,0
"trait2","trait2_v12_GENE08","GENE08","Mis",1,1,0.000230760377796832,0.00184608302237466,FALSE,FALSE,0
"trait2","trait2_v13_GENE08","GENE08","Mis",1,4,0.000189841100417543,0.00151872880334035,FALSE,FALSE,0
"trait2","trait2_v14_GENE08","GENE08","Mis",3,2,0.000231022342825308,0.00184817874260247,FALSE,FALSE,0
"trait2","trait2_v15_GENE08","GENE08","Mis",3,3,0.000245021637009922,0.00196017309607938,FALSE,FALSE,0
"trait2","trait2_v1_GENE09","GENE09","LoF",1,4,0.000125637743379921,0.00100510194703937,FALSE,FALSE,0
"trait2","trait2_v2_GENE09","GENE09","LoF",3,1,0.000130718484236859,0.000130718484236859,FALSE,FALSE,0
"trait2","trait2_v3_GENE09","GENE09","Mis",2,2,0.000100787950612139,0.000806303604897112,FALSE,FALSE,0
"trait2","trait2_v4_GENE09","GENE09","LoF",4,2,0.000217585663234349,0.000217585663234349,FALSE,FALSE,0
"trait2","trait2_v5_GENE09","GENE09","LoF",1,2,0.000183727479786612,0.0014698198382929,FALSE,FALSE,0
"trait2","trait2_v6_GENE09","GENE09","Mis",2,1,0.000237999281880911,0.00190399425504729,FALSE,FALSE,0
"trait2","trait2_v7_GENE09","GENE09","LoF",2,7,0.000231718862273265,0.000231718862273265,FALSE,FALSE,0
"trait2","trait2_v8_GENE09","GENE09","Mis",2,3,0.000166386551179457,0.00133109240943566,FALSE,FALSE,0
"trait2","trait2_v9_GENE09","GENE09","Mis",2,2,0.000225803318165708,0.000225803318165708,FALSE,FALSE,0
"trait2","trait2_v10_GENE09","GENE09","LoF",2,4,0.000195862064009998,0.00156689651207998,FALSE,FALSE,0
"trait2","trait2_v11_GENE09","GENE09","LoF",0,2,0.000141024921522476,0.000141024921522476,FALSE,FALSE,0
"trait2","trait2_v12_GENE09","GENE09","LoF",4,1,0.00017800748236943,0.00017800748236943,FALSE,FALSE,0
"trait2","trait2_v13_GENE09","GENE09","Mis",2,1,0.000104833824797533,0.000104833824797533,FALSE,FALSE,0
"trait2","trait2_v14_GENE09","GENE09","LoF",2,2,0.000200471190481912,0.0016037695238553,FALSE,FALSE,0
"trait2","trait2_v15_GENE09","GENE09","LoF",2,3,0.000158299915276002,0.00126639932220802,FALSE,FALSE,0
"trait2","trait2_v1_GENE10","GENE10","Mis",2,1,0.000171819236672018,0.000171819236672018,FALSE,FALSE,0
"trait2","trait2_v2_GENE10","GENE10","Mis",2,1,0.0001298086808878,0.0010384694471024,FALSE,FALSE,0
"trait2","trait2_v3_GENE10","GENE10","Mis",1,1,8.21700865519233e-05,0.000657360692415386,FALSE,FALSE,0
"trait2","trait2_v4_GENE10","GENE10","LoF",1,0,9.92976676113904e-05,9.92976676113904e-05,FALSE,FALSE,0
"trait2","trait2_v5_GENE10","GENE10","Mis",3,2,9.14416969846934e-05,0.000731533575877547,FALSE,FALSE,0
"trait2","trait2_v6_GENE10","GENE10","Mis",0,2,8.59273421578109e-05,8.59273421578109e-05,FALSE,FALSE,0
"trait2","trait2_v7_GENE10","GENE10","LoF",0,2,9.9460214972496e-05,0.000795681719779968,FALSE,FALSE,0
"trait2","trait2_v8_GENE10","GENE10","Mis",2,2,0.000154055471147876,0.000154055471147876,FALSE,FALSE,0
"trait2","trait2_v9_GENE10","GENE10","Mis",3,0,0.000211140776497778,0.00168912621198222,FALSE,FALSE,0
"trait2","trait2_v10_GENE10","GENE10","Mis",1,0,9.26348899188452e-05,0.000741079119350761,FALSE,FALSE,0
"trait2","trait2_v11_GENE10","GENE10","Mis",1,0,0.000129235710385256,0.00103388568308204,FALSE,FALSE,0
"trait2","trait2_v12_GENE10","GENE10","Mis",1,2,0.000123850804162212,0.000123850804162212,FALSE,FALSE,0
"trait2","trait2_v13_GENE10","GENE10","Mis",3,3,0.00020107613250846,0.00160860906006768,FALSE,FALSE,0
"trait2","trait2_v14_GENE10","GENE10","Mis",1,0,0.000117602635838557,0.000940821086708456,FALSE,FALSE,0
"trait2","trait2_v15_GENE10","GENE10","Mis",0,1,9.71934506040998e-05,0.000777547604832798,FALSE,FALSE,0
"trait2","trait2_v1_GENE11","GENE11","LoF",1,3,0.000173999460604973,0.00139199568483979,FALSE,FALSE,0
"trait2","trait2_v2_GENE11","GENE11","Mis",4,4,0.000227708431398496,0.000227708431398496,FALSE,FALSE,0
"trait2","trait2_v3_GENE11","GENE11","Mis",2,2,0.000107869146177545,0.000862953169420362,FALSE,FALSE,0
"trait2","trait2_v4_GENE11","GENE11","LoF",1,2,0.000182936645401642,0.000182936645401642,FALSE,FALSE,0
"trait2","trait2_v5_GENE11","GENE11","LoF",1,0,0.000105188334533013,0.000841506676264107,FALSE,FALSE,0
"trait2","trait2_v6_GENE11","GENE11","Mis",1,2,0.000124033480111975,0.000992267840895802,FALSE,FALSE,0
"trait2","trait2_v7_GENE11","GENE11","Mis",2,1,0.000119556313354988,0.000119556313354988,FALSE,FALSE,0
"trait2","trait2_v8_GENE11","GENE11","Mis",0,0,9.29129868629389e-05,0.000743303894903511,FALSE,FALSE,0
"trait2","trait2_v9_GENE11","GENE11","Mis",1,1,0.000192243921235204,0.00153795136988163,FALSE,FALSE,0
"trait2","trait2_v10_GENE11","GENE11","Mis",2,1,0.000233059409954585,0.00186447527963668,FALSE,FALSE,0
"trait2","trait2_v11_GENE11","GENE11","LoF",0,4,0.000141683618710376,0.00113346894968301,FALSE,FALSE,0
"trait2","trait2_v12_GENE11","GENE11","LoF",2,1,0.000158340656768996,0.00126672525415197,FALSE,FALSE,0
"trait2","trait2_v13_GENE11","GENE11","Mis",3,2,0.000238597460507881,0.00190877968406305,FALSE,FALSE,0
"trait2","trait2_v14_GENE11","GENE11","LoF",2,3,0.000240449415107723,0.000240449415107723,FALSE,FALSE,0
"trait2","trait2_v15_GENE11","GENE11","Mis",2,5,0.000244540675641038,0.0019563254051283,FALSE,FALSE,0
"trait2","trait2_v1_GENE12","GENE12","Mis",0,3,0.000129583167817909,0.00103666534254327,FALSE,FALSE,0
"trait2","trait2_v2_GENE12","GENE12","Mis",0,1,0.000195687090603169,0.00156549672482535,FALSE,FALSE,0
"trait2","trait2_v3_GENE12","GENE12","Mis",0,2,9.26438066549599e-05,0.000741150453239679,FALSE,FALSE,0
"trait2","trait2_v4_GENE12","GENE12","Mis",4,1,0.000228767924825661,0.00183014339860529,FALSE,FALSE,0
"trait2","trait2_v5_GENE12","GENE12","LoF",5,0,0.000227030845503323,0.00181624676402658,FALSE,FALSE,0
"trait2","trait2_v6_GENE12","GENE12","LoF",2,3,0.000140458114645444,0.00112366491716355,FALSE,FALSE,0
"trait2","trait2_v7_GENE12","GENE12","LoF",4,2,0.000181139499575365,0.00144911599660292,FALSE,FALSE,0
"trait2","trait2_v8_GENE12","GENE12","Mis",1,2,0.000118407648529392,0.000947261188235134,FALSE,FALSE,0
"trait2","trait2_v9_GENE12","GENE12","LoF",4,1,0.000212808581579011,0.00170246865263209,FALSE,FALSE,0
"trait2","trait2_v10_GENE12","GENE12","Mis",1,2,0.000197821448938921,0.00158257159151137,FALSE,FALSE,0
"trait2","trait2_v11_GENE12","GENE12","Mis",2,0,8.4847192405723e-05,0.000678777539245784,FALSE,FALSE,0
"trait2","trait2_v12_GENE12","GENE12","LoF",1,4,0.000166756235875655,0.00133404988700524,FALSE,FALSE,0
"trait2","trait2_v13_GENE12","GENE12","LoF",3,1,0.000221070380008314,0.00176856304006651,FALSE,FALSE,0
"trait2","trait2_v14_GENE12","GENE12","LoF",1,3,0.000194316588416696,0.000194316588416696,FALSE,FALSE,0
"trait2","trait2_v15_GENE12","GENE12","Mis",1,1,0.000222452548835427,0.00177962039068341,FALSE,FALSE,0
"trait2","trait2_v1_GENE13","GENE13","LoF",0,2,0.000204858853793703,0.000204858853793703,FALSE,FALSE,0
"trait2","trait2_v2_GENE13","GENE13","Mis",1,1,0.000167087985149119,0.00133670388119295,FALSE,FALSE,0
"trait2","trait2_v3_GENE13","GENE13","Mis",0,1,0.000159215568134096,0.00127372454507276,FALSE,FALSE,0
"trait2","trait2_v4_GENE13","GENE13","Mis",3,4,0.000207551655694842,0.00166041324555874,FALSE,FALSE,0
"trait2","trait2_v5_GENE13","GENE13","Mis",2,2,0.000144657944892533,0.00115726355914027,FALSE,FALSE,0
"trait2","trait2_v6_GENE13","GENE13","Mis",1,0,0.000211169932927005,0.00168935946341604,FALSE,FALSE,0
"trait2","trait2_v7_GENE13","GENE13","Mis",5,3,0.00024768964947667,0.00024768964947667,FALSE,FALSE,0
"trait2","trait2_v8_GENE13","GENE13","LoF",1,3,0.000192874027173966,0.00154299221739173,FALSE,FALSE,0
"trait2","trait2_v9_GENE13","GENE13","Mis",1,2,0.000226550914670806,0.00181240731736645,FALSE,FALSE,0
"trait2","trait2_v10_GENE13","GENE13","Mis",2,1,0.000174543181622867,0.00139634545298293,FALSE,FALSE,0
"trait2","trait2_v11_GENE13","GENE13","Mis",0,2,0.000105720413133968,0.000105720413133968,FALSE,FALSE,0
"trait2","trait2_v12_GENE13","GENE13","Mis",1,1,8.04426334588789e-05,0.000643541067671031,FALSE,FALSE,0
"trait2","trait2_v13_GENE13","GENE13","Mis",1,2,0.000247305121351965,0.00197844097081572,FALSE,FALSE,0
"trait2","trait2_v14_GENE13","GENE13","Mis",0,5,0.00017768972319318,0.00017768972319318,FALSE,FALSE,0
"trait2","trait2_v15_GENE13","GENE13","Mis",2,2,8.64110668096691e-05,0.000691288534477353,FALSE,FALSE,0
"trait2","trait2_v1_GENE14","GENE14","Mis",3,1,0.000171305769947357,0.00137044615957886,FALSE,FALSE,0
"trait2","trait2_v2_GENE14","GENE14","Mis",1,1,0.000213130977298133,0.00170504781838506,FALSE,FALSE,0
"trait2","trait2_v3_GENE14","GENE14","Mis",2,1,8.93989817751572e-05,8.93989817751572e-05,FALSE,FALSE,0
"trait2","trait2_v4_GENE14","GENE14","LoF",0,2,9.14453982235864e-05,9.14453982235864e-05,FALSE,FALSE,0
"trait2","trait2_v5_GENE14","GENE14","LoF",0,1,0.000135382887134328,0.00108306309707463,FALSE,FALSE,0
"trait2","trait2_v6_GENE14","GENE14","LoF",1,0,0.000153304599297699,0.00122643679438159,FALSE,FALSE,0
"trait2","trait2_v7_GENE14","GENE14","LoF",1,3,0.000242957654460333,0.00194366123568267,FALSE,FALSE,0
"trait2","trait2_v8_GENE14","GENE14","Mis",1,0,0.000115813650034834,0.00092650920027867,FALSE,FALSE,0
"trait2","trait2_v9_GENE14","GENE14","Mis",1,0,8.32433878444135e-05,8.32433878444135e-05,FALSE,FALSE,0
"trait2","trait2_v10_GENE14","GENE14","Mis",2,1,8.80565076763742e-05,0.000704452061410993,FALSE,FALSE,0
"trait2","trait2_v11_GENE14","GENE14","LoF",0,2,0.000226138628679328,0.00180910902943462,FALSE,FALSE,0
"trait2","trait2_v12_GENE14","GENE14","Mis",1,3,0.00018007763764821,0.00144062110118568,FALSE,FALSE,0
"trait2","trait2_v13_GENE14","GENE14","Mis",1,0,0.00010354351291433,0.000828348103314638,FALSE,FALSE,0
"trait2","trait2_v14_GENE14","GENE14","Mis",1,0,8.42730932845734e-05,8.42730932845734e-05,FALSE,FALSE,0
"trait2","trait2_v15_GENE14","GENE14","LoF",2,1,0.00016929394937586,0.00135435159500688,FALSE,FALSE,0
"trait2","trait2_v1_GENE15","GENE15","Mis",0,4,0.00022341449033469,0.00022341449033469,FALSE,FALSE,0
"trait2","trait2_v2_GENE15","GENE15","Mis",3,2,0.000213786488713231,0.000213786488713231,FALSE,FALSE,0
"trait2","trait2_v3_GENE15","GENE15","Mis",4,0,0.000233329155184329,0.000233329155184329,FALSE,FALSE,0
"trait2","trait2_v4_GENE15","GENE15","Mis",4,2,0.000102654330187943,0.000102654330187943,FALSE,FALSE,0
"trait2","trait2_v5_GENE15","GENE15","Mis",3,2,0.000234972371547483,0.000234972371547483,FALSE,FALSE,0
"trait2","trait2_v6_GENE15","GENE15","LoF",1,2,0.000122526238146238,0.000122526238146238,FALSE,FALSE,0
"trait2","trait2_v7_GENE15","GENE15","Mis",5,0,0.000226696758167818,0.000226696758167818,FALSE,FALSE,0
"trait2","trait2_v8_GENE15","GENE15","Mis",4,2,0.000173535781144165,0.000173535781144165,FALSE,FALSE,0
"trait2","trait2_v9_GENE15","GENE15","LoF",2,0,0.000110808773017488,0.000110808773017488,FALSE,FALSE,0
"trait2","trait2_v10_GENE15","GENE15","Mis",4,3,0.000184945045325439,0.000184945045325439,FALSE,FALSE,0
"trait2","trait2_v11_GENE15","GENE15","LoF",2,3,0.000225003250909504,0.000225003250909504,FALSE,FALSE,0
"trait2","trait2_v12_GENE15","GENE15","LoF",1,2,0.000127772663333453,0.000127772663333453,FALSE,FALSE,0
"trait2","trait2_v13_GENE15","GENE15","Mis",0,0,0.000106435772366822,0.000106435772366822,FALSE,FALSE,0
"trait2","trait2_v14_GENE15","GENE15","LoF",0,0,9.02490415633656e-05,9.02490415633656e-05,FALSE,FALSE,0
"trait2","trait2_v15_GENE15","GENE15","Mis",1,1,8.26329347281717e-05,8.26329347281717e-05,FALSE,FALSE,0
"trait2","trait2_v1_GENE16","GENE16","Mis",1,2,8.2073509588372e-05,8.2073509588372e-05,FALSE,FALSE,0
"trait2","trait2_v2_GENE16","GENE16","Mis",1,1,0.000176694794911891,0.000176694794911891,FALSE,FALSE,0
"trait2","trait2_v3_GENE16","GENE16","Mis",0,3,0.000200321512238588,0.000200321512238588,FALSE,FALSE,0
"trait2","trait2_v4_GENE16","GENE16","LoF",4,1,0.000191104353754781,0.000191104353754781,FALSE,FALSE,0
"trait2","trait2_v5_GENE16","GENE16","LoF",0,1,0.000222593170660548,0.000222593170660548,FALSE,FALSE,0
"trait2","trait2_v6_GENE16","GENE16","Mis",1,2,0.000158828779803589,0.000158828779803589,FALSE,FALSE,0
"trait2","trait2_v7_GENE16","GENE16","LoF",1,3,0.000145127271602396,0.000145127271602396,FALSE,FALSE,0
"trait2","trait2_v8_GENE16","GENE16","LoF",1,1,0.000107948798651341,0.000107948798651341,FALSE,FALSE,0
"trait2","trait2_v9_GENE16","GENE16","LoF",0,2,0.00015549165166216,0.00015549165166216,FALSE,FALSE,0
"trait2","trait2_v10_GENE16","GENE16","Mis",0,1,0.000114256441066973,0.000114256441066973,FALSE,FALSE,0
"trait2","trait2_v11_GENE16","GENE16","Mis",0,2,0.000104025547804777,0.000104025547804777,FALSE,FALSE,0
"trait2","trait2_v12_GENE16","GENE16","LoF",2,2,0.000205243455024902,0.000205243455024902,FALSE,FALSE,0
"trait2","trait2_v13_GENE16","GENE16","Mis",2,1,0.000192731337111909,0.000192731337111909,FALSE,FALSE,0
"trait2","trait2_v14_GENE16","GENE16","LoF",1,1,0.000123055576817133,0.000123055576817133,FALSE,FALSE,0
"trait2","trait2_v15_GENE16","GENE16","Mis",1,1,0.00020468712679809,0.00020468712679809,FALSE,FALSE,0
"trait2","trait2_v1_GENE17","GENE17","LoF",1,1,9.32661102665588e-05,9.32661102665588e-05,FALSE,FALSE,0
"trait2","trait2_v2_GENE17","GENE17","Mis",2,1,0.000230328635463957,0.000230328635463957,FALSE,FALSE,0
"trait2","trait2_v3_GENE17","GENE17","LoF",1,1,8.5459840814583e-05,8.5459840814583e-05,FALSE,FALSE,0
"trait2","trait2_v4_GENE17","GENE17","Mis",3,1,0.000235533534777351,0.000235533534777351,FALSE,FALSE,0
"trait2","trait2_v5_GENE17","GENE17","Mis",1,1,0.000170030076552648,0.000170030076552648,FALSE,FALSE,0
"trait2","trait2_v6_GENE17","GENE17","Mis",1,1,0.000141652572753374,0.000141652572753374,FALSE,FALSE,0
"trait2","trait2_v7_GENE17","GENE17","Mis",0,1,0.000174911295538768,0.000174911295538768,FALSE,FALSE,0
"trait2","trait2_v8_GENE17","GENE17","Mis",3,1,0.000215476872024592,0.000215476872024592,FALSE,FALSE,0
"trait2","trait2_v9_GENE17","GENE17","Mis",0,3,0.000209012640011497,0.000209012640011497,FALSE,FALSE,0
"trait2","trait2_v10_GENE17","GENE17","Mis",1,3,0.000140184434410185,0.000140184434410185,FALSE,FALSE,0
"trait2","trait2_v11_GENE17","GENE17","Mis",1,2,0.000145995468173642,0.000145995468173642,FALSE,FALSE,0
"trait2","trait2_v12_GENE17","GENE17","Mis",2,2,0.000136945926058106,0.000136945926058106,FALSE,FALSE,0
"trait2","trait2_v13_GENE17","GENE17","Mis",1,1,8.870801941026e-05,8.870801941026e-05,FALSE,FALSE,0
"trait2","trait2_v14_GENE17","GENE17","Mis",2,2,0.000215236480773892,0.000215236480773892,FALSE,FALSE,0
"trait2","trait2_v15_GENE17","GENE17","Mis",3,1,0.000199948635317851,0.000199948635317851,FALSE,FALSE,0
"trait2","trait2_v1_GENE18","GENE18","Mis",1,1,0.000133444428078365,0.000133444428078365,FALSE,FALSE,0
"trait2","trait2_v2_GENE18","GENE18","Mis",2,4,0.000146423280884046,0.000146423280884046,FALSE,FALSE,0
"trait2","trait2_v3_GENE18","GENE18","LoF",1,0,0.000132148806652986,0.000132148806652986,FALSE,FALSE,0
"trait2","trait2_v4_GENE18","GENE18","Mis",0,1,0.000223320233542472,0.000223320233542472,FALSE,FALSE,0
"trait2","trait2_v5_GENE18","GENE18","LoF",3,0,8.36019154684618e-05,8.36019154684618e-05,FALSE,FALSE,0
"trait2","trait2_v6_GENE18","GENE18","LoF",2,2,0.000210005775501486,0.000210005775501486,FALSE,FALSE,0
"trait2","trait2_v7_GENE18","GENE18","Mis",3,2,0.000236782418433577,0.000236782418433577,FALSE,FALSE,0
"trait2","trait2_v8_GENE18","GENE18","Mis",2,3,0.000178367389279883,0.000178367389279883,FALSE,FALSE,0
"trait2","trait2_v9_GENE18","GENE18","Mis",2,5,0.000212265615256038,0.000212265615256038,FALSE,FALSE,0
"trait2","trait2_v10_GENE18","GENE18","LoF",3,2,0.000138860524571501,0.000138860524571501,FALSE,FALSE,0
"trait2","trait2_v11_GENE18","GENE18","LoF",1,1,0.000121459807557985,0.000121459807557985,FALSE,FALSE,0
"trait2","trait2_v12_GENE18","GENE18","Mis",1,0,0.000125136049056891,0.000125136049056891,FALSE,FALSE,0
"trait2","trait2_v13_GENE18","GENE18","Mis",2,4,0.000164806606052443,0.000164806606052443,FALSE,FALSE,0
"trait2","trait2_v14_GENE18","GENE18","Mis",1,5,0.000219665811937302,0.000219665811937302,FALSE,FALSE,0
"trait2","trait2_v15_GENE18","GENE18","LoF",2,3,0.00021957192186499,0.00021957192186499,FALSE,FALSE,0
"trait2","trait2_v1_GENE19","GENE19","Mis",0,0,0.000119934929392766,0.000119934929392766,FALSE,FALSE,0
"trait2","trait2_v2_GENE19","GENE19","Mis",3,3,0.000229704121637624,0.000229704121637624,FALSE,FALSE,0
"trait2","trait2_v3_GENE19","GENE19","Mis",2,1,0.000225271970273461,0.000225271970273461,FALSE,FALSE,0
"trait2","trait2_v4_GENE19","GENE19","Mis",1,0,0.000166229877234437,0.000166229877234437,FALSE,FALSE,0
"trait2","trait2_v5_GENE19","GENE19","LoF",2,1,8.49440032942221e-05,8.49440032942221e-05,FALSE,FALSE,0
"trait2","trait2_v6_GENE19","GENE19","LoF",1,2,0.000120918672182597,0.000120918672182597,FALSE,FALSE,0
"trait2","trait2_v7_GENE19","GENE19","Mis",2,0,0.000150569826036226,0.000150569826036226,FALSE,FALSE,0
"trait2","trait2_v8_GENE19","GENE19","LoF",2,1,0.000129618879132904,0.000129618879132904,FALSE,FALSE,0
"trait2","trait2_v9_GENE19","GENE19","Mis",1,4,0.000189632262119558,0.000189632262119558,FALSE,FALSE,0
"trait2","trait2_v10_GENE19","GENE19","Mis",2,0,8.13158507482149e-05,8.13158507482149e-05,FALSE,FALSE,0
"trait2","trait2_v11_GENE19","GENE19","LoF",0,2,0.000168954137212131,0.000168954137212131,FALSE,FALSE,0
"trait2","trait2_v12_GENE19","GENE19","Mis",1,3,0.000141118538761511,0.000141118538761511,FALSE,FALSE,0
"trait2","trait2_v13_GENE19","GENE19","LoF",4,0,0.000175739868073724,0.000175739868073724,FALSE,FALSE,0
"trait2","trait2_v14_GENE19","GENE19","Mis",1,1,0.000144075733998325,0.000144075733998325,FALSE,FALSE,0
"trait2","trait2_v15_GENE19","GENE19","LoF",1,1,0.000185929434595164,0.000185929434595164,FALSE,FALSE,0
"trait2","trait2_v1_GENE20","GENE20","LoF",3,3,0.00018099967780523,0.00018099967780523,FALSE,FALSE,0
"trait2","trait2_v2_GENE20","GENE20","Mis",5,2,0.000226952674831264,0.000226952674831264,FALSE,FALSE,0
"trait2","trait2_v3_GENE20","GENE20","LoF",5,0,0.000245537922352087,0.000245537922352087,FALSE,FALSE,0
"trait2","trait2_v4_GENE20","GENE20","Mis",1,1,0.000129479251310695,0.000129479251310695,FALSE,FALSE,0
"trait2","trait2_v5_GENE20","GENE20","Mis",0,1,0.000113025158857927,0.000113025158857927,FALSE,FALSE,0
"trait2","trait2_v6_GENE20","GENE20","Mis",1,1,0.000111141032928135,0.000111141032928135,FALSE,FALSE,0
"trait2","trait2_v7_GENE20","GENE20","Mis",2,1,0.00015065766845597,0.00015065766845597,FALSE,FALSE,0
"trait2","trait2_v8_GENE20","GENE20","Mis",2,2,0.000135607379998546,0.000135607379998546,FALSE,FALSE,0
"trait2","trait2_v9_GENE20","GENE20","Mis",1,1,0.000101320515507832,0.000101320515507832,FALSE,FALSE,0
"trait2","trait2_v10_GENE20","GENE20","Mis",1,2,0.000156601614931133,0.000156601614931133,FALSE,FALSE,0
"trait2","trait2_v11_GENE20","GENE20","Mis",2,1,9.65673460089602e-05,9.65673460089602e-05,FALSE,FALSE,0
"trait2","trait2_v12_GENE20","GENE20","Mis",4,1,0.000214809580212459,0.000214809580212459,FALSE,FALSE,0
"trait2","trait2_v13_GENE20","GENE20","Mis",0,2,0.000151953649397474,0.000151953649397474,FALSE,FALSE,0
"trait2","trait2_v14_GENE20","GENE20","Mis",1,1,0.000196406256360933,0.000196406256360933,FALSE,FALSE,0
"trait2","trait2_v15_GENE20","GENE20","Mis",2,1,0.000168545557803009,0.000168545557803009,FALSE,FALSE,0
"trait2","trait2_v1_GENE21","GENE21","Mis",1,0,0.000106085252971388,0.000106085252971388,FALSE,FALSE,0
"trait2","trait2_v2_GENE21","GENE21","Mis",2,4,0.000217210839868058,0.000217210839868058,FALSE,FALSE,0
"trait2","trait2_v3_GENE21","GENE21","Mis",1,0,0.000101989564844407,0.000101989564844407,FALSE,FALSE,0
"trait2","trait2_v4_GENE21","GENE21","Mis",2,2,0.000171820002093446,0.000171820002093446,FALSE,FALSE,0
"trait2","trait2_v5_GENE21","GENE21","Mis",3,1,0.000217531747610774,0.000217531747610774,FALSE,FALSE,0
"trait2","trait2_v6_GENE21","GENE21","Mis",0,0,8.45971910352819e-05,8.45971910352819e-05,FALSE,FALSE,0
"trait2","trait2_v7_GENE21","GENE21","Mis",2,2,0.000137843650765717,0.000137843650765717,FALSE,FALSE,0
"trait2","trait2_v8_GENE21","GENE21","Mis",5,6,0.000191706082420424,0.000191706082420424,FALSE,FALSE,0
"trait2","trait2_v9_GENE21","GENE21","LoF",0,1,0.000222490010787733,0.000222490010787733,FALSE,FALSE,0
"trait2","trait2_v10_GENE21","GENE21","LoF",1,2,0.000140254000443965,0.000140254000443965,FALSE,FALSE,0
"trait2","trait2_v11_GENE21","GENE21","Mis",1,1,0.000217152448480483,0.000217152448480483,FALSE,FALSE,0
"trait2","trait2_v12_GENE21","GENE21","Mis",2,0,0.000248607659791596,0.000248607659791596,FALSE,FALSE,0
"trait2","trait2_v13_GENE21","GENE21","LoF",2,1,0.000143373744348064,0.000143373744348064,FALSE,FALSE,0
"trait2","trait2_v14_GENE21","GENE21","Mis",2,1,0.0001096443174663,0.0001096443174663,FALSE,FALSE,0
"trait2","trait2_v15_GENE21","GENE21","Mis",0,1,0.000189481831872836,0.000189481831872836,FALSE,FALSE,0
"trait2","trait2_v1_GENE22","GENE22","Mis",1,1,9.35850082337856e-05,9.35850082337856e-05,FALSE,FALSE,0
"trait2","trait2_v2_GENE22","GENE22","Mis",1,2,0.000167652227955405,0.000167652227955405,FALSE,FALSE,0
"trait2","trait2_v3_GENE22","GENE22","Mis",1,0,8.62739377492108e-05,8.62739377492108e-05,FALSE,FALSE,0
"trait2","trait2_v4_GENE22","GENE22","Mis",1,2,0.000189137334045954,0.000189137334045954,FALSE,FALSE,0
"trait2","trait2_v5_GENE22","GENE22","LoF",0,2,0.000146878239812795,0.000146878239812795,FALSE,FALSE,0
"trait2","trait2_v6_GENE22","GENE22","Mis",1,3,0.00019904145731125,0.00019904145731125,FALSE,FALSE,0
"trait2","trait2_v7_GENE22","GENE22","Mis",2,2,0.000225253993200604,0.000225253993200604,FALSE,FALSE,0
"trait2","trait2_v8_GENE22","GENE22","Mis",1,1,0.000183973517494742,0.000183973517494742,FALSE,FALSE,0
"trait2","trait2_v9_GENE22","GENE22","Mis",1,2,0.000157358107946347,0.000157358107946347,FALSE,FALSE,0
"trait2","trait2_v10_GENE22","GENE22","Mis",1,1,0.000237270796648227,0.000237270796648227,FALSE,FALSE,0
"trait2","trait2_v11_GENE22","GENE22","Mis",0,1,0.000222357614689972,0.000222357614689972,FALSE,FALSE,0
"trait2","trait2_v12_GENE22","GENE22","Mis",0,3,0.000216728062869515,0.000216728062869515,FALSE,FALSE,0
"trait2","trait2_v13_GENE22","GENE22","LoF",3,2,0.000149200789779425,0.000149200789779425,FALSE,FALSE,0
"trait2","trait2_v14_GENE22","GENE22","LoF",2,0,0.000164966760650277,0.000164966760650277,FALSE,FALSE,0
"trait2","trait2_v15_GENE22","GENE22","LoF",4,0,0.000249635752297472,0.000249635752297472,FALSE,FALSE,0
"trait2","trait2_v1_GENE23","GENE23","LoF",3,1,0.000246354598556645,0.000246354598556645,FALSE,FALSE,0
"trait2","trait2_v2_GENE23","GENE23","Mis",2,3,0.000107103245579638,0.000107103245579638,FALSE,FALSE,0
"trait2","trait2_v3_GENE23","GENE23","Mis",2,1,0.000197499507691246,0.000197499507691246,FALSE,FALSE,0
"trait2","trait2_v4_GENE23","GENE23","Mis",0,3,9.1063847199548e-05,9.1063847199548e-05,FALSE,FALSE,0
"trait2","trait2_v5_GENE23","GENE23","LoF",1,2,0.00010022183110239,0.00010022183110239,FALSE,FALSE,0
"trait2","trait2_v6_GENE23","GENE23","Mis",1,2,0.000245129860506859,0.000245129860506859,FALSE,FALSE,0
"trait2","trait2_v7_GENE23","GENE23","Mis",5,2,0.000224847589293495,0.000224847589293495,FALSE,FALSE,0
"trait2","trait2_v8_GENE23","GENE23","Mis",2,3,0.000189845019788481,0.000189845019788481,FALSE,FALSE,0
"trait2","trait2_v9_GENE23","GENE23","LoF",2,1,8.65446749632247e-05,8.65446749632247e-05,FALSE,FALSE,0
"trait2","trait2_v10_GENE23","GENE23","Mis",2,1,0.00013403332803864,0.00013403332803864,FALSE,FALSE,0
"trait2","trait2_v11_GENE23","GENE23","Mis",0,0,8.36979755014181e-05,8.36979755014181e-05,FALSE,FALSE,0
"trait2","trait2_v12_GENE23","GENE23","Mis",1,1,0.000113610662790015,0.000113610662790015,FALSE,FALSE,0
"trait2","trait2_v13_GENE23","GENE23","Mis",1,4,0.00020659425514983,0.00020659425514983,FALSE,FALSE,0
"trait2","trait2_v14_GENE23","GENE23","Mis",1,4,0.000235093173675705,0.000235093173675705,FALSE,FALSE,0
"trait2","trait2_v15_GENE23","GENE23","LoF",3,2,0.000196018406541552,0.000196018406541552,FALSE,FALSE,0
"trait2","trait2_v1_GENE24","GENE24","Mis",0,2,0.000201802164893597,0.000201802164893597,FALSE,FALSE,0
"trait2","trait2_v2_GENE24","GENE24","Mis",0,1,0.000117486218397971,0.000117486218397971,FALSE,FALSE,0
"trait2","trait2_v3_GENE24","GENE24","Mis",1,2,0.000155634802409913,0.000155634802409913,FALSE,FALSE,0
"trait2","trait2_v4_GENE24","GENE24","LoF",4,4,0.000168667348392773,0.000168667348392773,FALSE,FALSE,0
"trait2","trait2_v5_GENE24","GENE24","Mis",3,3,0.000199907610423397,0.000199907610423397,FALSE,FALSE,0
"trait2","trait2_v6_GENE24","GENE24","LoF",4,4,0.00024059180961689,0.00024059180961689,FALSE,FALSE,0
"trait2","trait2_v7_GENE24","GENE24","Mis",2,1,0.000146649304195307,0.000146649304195307,FALSE,FALSE,0
"trait2","trait2_v8_GENE24","GENE24","Mis",0,4,0.00022109368997626,0.00022109368997626,FALSE,FALSE,0
"trait2","trait2_v9_GENE24","GENE24","LoF",1,2,0.000229159730153624,0.000229159730153624,FALSE,FALSE,0
"trait2","trait2_v10_GENE24","GENE24","Mis",2,3,0.000192409120656084,0.000192409120656084,FALSE,FALSE,0
"trait2","trait2_v11_GENE24","GENE24","LoF",1,0,0.000136743728853762,0.000136743728853762,FALSE,FALSE,0
"trait2","trait2_v12_GENE24","GENE24","Mis",0,3,0.000135319912005216,0.000135319912005216,FALSE,FALSE,0
"trait2","trait2_v13_GENE24","GENE24","Mis",2,4,0.000241482086090837,0.000241482086090837,FALSE,FALSE,0
"trait2","trait2_v14_GENE24","GENE24","LoF",4,2,0.000205812924054917,0.000205812924054917,FALSE,FALSE,0
"trait2","trait2_v15_GENE24","GENE24","Mis",2,0,0.000135400898642838,0.000135400898642838,FALSE,FALSE,0
"trait2","trait2_v1_GENE25","GENE25","Mis",0,1,9.42536425613798e-05,9.42536425613798e-05,FALSE,FALSE,0
"trait2","trait2_v2_GENE25","GENE25","Mis",2,3,0.000246185242950451,0.000246185242950451,FALSE,FALSE,0
"trait2","trait2_v3_GENE25","GENE25","LoF",3,6,0.000206168036018498,0.000206168036018498,FALSE,FALSE,0
"trait2","trait2_v4_GENE25","GENE25","LoF",0,2,8.46833708067425e-05,8.46833708067425e-05,FALSE,FALSE,0
"trait2","trait2_v5_GENE25","GENE25","Mis",0,4,0.000204003661628813,0.000204003661628813,FALSE,FALSE,0
"trait2","trait2_v6_GENE25","GENE25","Mis",2,4,0.000126467435904779,0.000126467435904779,FALSE,FALSE,0
"trait2","trait2_v7_GENE25","GENE25","LoF",0,2,0.000200733520369977,0.000200733520369977,FALSE,FALSE,0
"trait2","trait2_v8_GENE25","GENE25","Mis",2,1,0.000149639123689849,0.000149639123689849,FALSE,FALSE,0
"trait2","trait2_v9_GENE25","GENE25","LoF",2,2,0.000120230048710946,0.000120230048710946,FALSE,FALSE,0
"trait2","trait2_v10_GENE25","GENE25","Mis",1,1,8.62190304184333e-05,8.62190304184333e-05,FALSE,FALSE,0
"trait2","trait2_v11_GENE25","GENE25","Mis",0,0,9.54092477541417e-05,9.54092477541417e-05,FALSE,FALSE,0
"trait2","trait2_v12_GENE25","GENE25","Mis",2,0,0.000180991823151708,0.000180991823151708,FALSE,FALSE,0
"trait2","trait2_v13_GENE25","GENE25","Mis",0,0,0.000139716969877481,0.000139716969877481,FALSE,FALSE,0
"trait2","trait2_v14_GENE25","GENE25","LoF",1,0,0.000125065850871615,0.000125065850871615,FALSE,FALSE,0
"trait2","trait2_v15_GENE25","GENE25","LoF",0,0,0.000128505205481779,0.000128505205481779,FALSE,FALSE,0
"trait2","trait2_v1_GENE26","GENE26","Mis",2,1,0.000211995049586985,0.000211995049586985,FALSE,FALSE,0
"trait2","trait2_v2_GENE26","GENE26","Mis",1,1,0.000201591091167647,0.000201591091167647,FALSE,FALSE,0
"trait2","trait2_v3_GENE26","GENE26","LoF",2,0,8.82438872987405e-05,8.82438872987405e-05,FALSE,FALSE,0
"trait2","trait2_v4_GENE26","GENE26","Mis",1,4,0.000244138804771937,0.000244138804771937,FALSE,FALSE,0
"trait2","trait2_v5_GENE26","GENE26","Mis",1,1,0.000114279770667199,0.000114279770667199,FALSE,FALSE,0
"trait2","trait2_v6_GENE26","GENE26","Mis",5,2,0.000188902760955971,0.000188902760955971,FALSE,FALSE,0
"trait2","trait2_v7_GENE26","GENE26","LoF",0,1,0.00016450978608802,0.00016450978608802,FALSE,FALSE,0
"trait2","trait2_v8_GENE26","GENE26","Mis",2,1,0.000183449532380328,0.000183449532380328,FALSE,FALSE,0
"trait2","trait2_v9_GENE26","GENE26","Mis",0,0,0.000108990273524541,0.000108990273524541,FALSE,FALSE,0
"trait2","trait2_v10_GENE26","GENE26","LoF",1,2,0.000137963230269961,0.000137963230269961,FALSE,FALSE,0
"trait2","trait2_v11_GENE26","GENE26","LoF",2,3,0.000203072412824258,0.000203072412824258,FALSE,FALSE,0
"trait2","trait2_v12_GENE26","GENE26","Mis",1,1,9.89780791499652e-05,9.89780791499652e-05,FALSE,FALSE,0
"trait2","trait2_v13_GENE26","GENE26","Mis",1,3,0.000192173450691625,0.000192173450691625,FALSE,FALSE,0
"trait2","trait2_v14_GENE26","GENE26","LoF",4,1,0.000246819478713442,0.000246819478713442,FALSE,FALSE,0
"trait2","trait2_v15_GENE26","GENE26","LoF",2,1,0.000192367094832007,0.000192367094832007,FALSE,FALSE,0
"trait2","trait2_v1_GENE27","GENE27","LoF",2,2,0.000247865085192025,0.000247865085192025,FALSE,FALSE,0
"trait2","trait2_v2_GENE27","GENE27","Mis",2,1,0.000238781668250449,0.000238781668250449,FALSE,FALSE,0
"trait2","trait2_v3_GENE27","GENE27","Mis",1,2,0.000239870558443945,0.000239870558443945,FALSE,FALSE,0
"trait2","trait2_v4_GENE27","GENE27","LoF",4,3,0.000188224458799232,0.000188224458799232,FALSE,FALSE,0
"trait2","trait2_v5_GENE27","GENE27","LoF",2,0,0.000245648010955192,0.000245648010955192,FALSE,FALSE,0
"trait2","trait2_v6_GENE27","GENE27","Mis",2,1,0.000119772519061808,0.000119772519061808,FALSE,FALSE,0
"trait2","trait2_v7_GENE27","GENE27","Mis",0,1,0.000137039798595943,0.000137039798595943,FALSE,FALSE,0
"trait2","trait2_v8_GENE27","GENE27","LoF",2,3,8.55132714100182e-05,8.55132714100182e-05,FALSE,FALSE,0
"trait2","trait2_v9_GENE27","GENE27","Mis",4,3,0.000234103617831133,0.000234103617831133,FALSE,FALSE,0
"trait2","trait2_v10_GENE27","GENE27","Mis",4,0,0.000227234239366371,0.000227234239366371,FALSE,FALSE,0
"trait2","trait2_v11_GENE27","GENE27","Mis",2,1,0.000236647203559987,0.000236647203559987,FALSE,FALSE,0
"trait2","trait2_v12_GENE27","GENE27","Mis",0,0,8.12903669010848e-05,8.12903669010848e-05,FALSE,FALSE,0
"trait2","trait2_v13_GENE27","GENE27","Mis",3,2,0.000214237848918419,0.000214237848918419,FALSE,FALSE,0
"trait2","trait2_v14_GENE27","GENE27","LoF",1,1,0.000123498197491281,0.000123498197491281,FALSE,FALSE,0
"trait2","trait2_v15_GENE27","GENE27","LoF",0,1,0.000165834664795548,0.000165834664795548,FALSE,FALSE,0
"trait2","trait2_v1_GENE28","GENE28","LoF",3,3,0.000200588725220878,0.000200588725220878,FALSE,FALSE,0
"trait2","trait2_v2_GENE28","GENE28","Mis",2,4,0.000245941916119773,0.000245941916119773,FALSE,FALSE,0
"trait2","trait2_v3_GENE28","GENE28","Mis",1,0,0.000137041744249873,0.000137041744249873,FALSE,FALSE,0
"trait2","trait2_v4_GENE28","GENE28","LoF",4,1,0.000178525688468944,0.000178525688468944,FALSE,FALSE,0
"trait2","trait2_v5_GENE28","GENE28","Mis",2,2,0.000201354035465047,0.000201354035465047,FALSE,FALSE,0
"trait2","trait2_v6_GENE28","GENE28","Mis",3,2,0.000183518852575216,0.000183518852575216,FALSE,FALSE,0
"trait2","trait2_v7_GENE28","GENE28","LoF",1,2,0.000142944236453623,0.000142944236453623,FALSE,FALSE,0
"trait2","trait2_v8_GENE28","GENE28","Mis",2,4,0.000248327291044407,0.000248327291044407,FALSE,FALSE,0
"trait2","trait2_v9_GENE28","GENE28","Mis",4,2,0.000219476221506484,0.000219476221506484,FALSE,FALSE,0
"trait2","trait2_v10_GENE28","GENE28","LoF",2,4,0.00023459335118765,0.00023459335118765,FALSE,FALSE,0
"trait2","trait2_v11_GENE28","GENE28","Mis",7,4,0.000207987214487512,0.000207987214487512,FALSE,FALSE,0
"trait2","trait2_v12_GENE28","GENE28","Mis",2,4,0.000181991625542287,0.000181991625542287,FALSE,FALSE,0
"trait2","trait2_v13_GENE28","GENE28","Mis",0,1,0.000187203220254742,0.000187203220254742,FALSE,FALSE,0
"trait2","trait2_v14_GENE28","GENE28","Mis",1,1,0.000115935677874368,0.000115935677874368,FALSE,FALSE,0
"trait2","trait2_v15_GENE28","GENE28","Mis",1,2,0.000117921623298898,0.000117921623298898,FALSE,FALSE,0
"trait2","trait2_v1_GENE29","GENE29","LoF",3,2,0.000207498002138454,0.000207498002138454,FALSE,FALSE,0
"trait2","trait2_v2_GENE29","GENE29","Mis",1,2,0.000118594575976022,0.000118594575976022,FALSE,FALSE,0
"trait2","trait2_v3_GENE29","GENE29","Mis",4,1,0.000170411852397956,0.000170411852397956,FALSE,FALSE,0
"trait2","trait2_v4_GENE29","GENE29","Mis",0,0,0.000107390480558388,0.000107390480558388,FALSE,FALSE,0
"trait2","trait2_v5_GENE29","GENE29","LoF",1,3,0.00023309736180352,0.00023309736180352,FALSE,FALSE,0
"trait2","trait2_v6_GENE29","GENE29","Mis",2,4,0.000233314546749461,0.000233314546749461,FALSE,FALSE,0
"trait2","trait2_v7_GENE29","GENE29","Mis",0,3,0.000126531907520257,0.000126531907520257,FALSE,FALSE,0
"trait2","trait2_v8_GENE29","GENE29","LoF",1,0,0.000115514059741981,0.000115514059741981,FALSE,FALSE,0
"trait2","trait2_v9_GENE29","GENE29","Mis",1,1,0.000175175735896919,0.000175175735896919,FALSE,FALSE,0
"trait2","trait2_v10_GENE29","GENE29","Mis",3,2,0.000205920108268037,0.000205920108268037,FALSE,FALSE,0
"trait2","trait2_v11_GENE29","GENE29","Mis",0,4,0.000174578158983495,0.000174578158983495,FALSE,FALSE,0
"trait2","trait2_v12_GENE29","GENE29","Mis",2,1,0.000241607952872291,0.000241607952872291,FALSE,FALSE,0
"trait2","trait2_v13_GENE29","GENE29","LoF",1,3,0.000178373201820068,0.000178373201820068,FALSE,FALSE,0
"trait2","trait2_v14_GENE29","GENE29","LoF",3,1,0.000160330248572864,0.000160330248572864,FALSE,FALSE,0
"trait2","trait2_v15_GENE29","GENE29","Mis",1,2,0.000172032954976894,0.000172032954976894,FALSE,FALSE,0
"trait2","trait2_v1_GENE30","GENE30","Mis",1,2,0.000148042338658124,0.000148042338658124,FALSE,FALSE,0
"trait2","trait2_v2_GENE30","GENE30","Mis",0,1,0.000142764483299106,0.000142764483299106,FALSE,FALSE,0
"trait2","trait2_v3_GENE30","GENE30","Mis",1,1,0.000100337491354439,0.000100337491354439,FALSE,FALSE,0
"trait2","trait2_v4_GENE30","GENE30","Mis",1,1,9.33739254437387e-05,9.33739254437387e-05,FALSE,FALSE,0
"trait2","trait2_v5_GENE30","GENE30","Mis",3,1,0.00014772496456746,0.00014772496456746,FALSE,FALSE,0
"trait2","trait2_v6_GENE30","GENE30","LoF",2,1,0.000110302891398314,0.000110302891398314,FALSE,FALSE,0
"trait2","trait2_v7_GENE30","GENE30","LoF",0,0,0.000132109657076653,0.000132109657076653,FALSE,FALSE,0
"trait2","trait2_v8_GENE30","GENE30","LoF",0,2,0.000174204167060088,0.000174204167060088,FALSE,FALSE,0
"trait2","trait2_v9_GENE30","GENE30","Mis",2,3,0.00019766988995485,0.00019766988995485,FALSE,FALSE,0
"trait2","trait2_v10_GENE30","GENE30","LoF",3,5,0.000240353804915212,0.000240353804915212,FALSE,FALSE,0
"trait2","trait2_v11_GENE30","GENE30","Mis",2,4,0.000248154011238366,0.000248154011238366,FALSE,FALSE,0
"trait2","trait2_v12_GENE30","GENE30","LoF",0,2,0.000153544334766921,0.000153544334766921,FALSE,FALSE,0
"trait2","trait2_v13_GENE30","GENE30","Mis",1,0,8.18257533432916e-05,8.18257533432916e-05,FALSE,FALSE,0
"trait2","trait2_v14_GENE30","GENE30","Mis",0,3,0.000112969829195645,0.000112969829195645,FALSE,FALSE,0
"trait2","trait2_v15_GENE30","GENE30","Mis",0,1,8.33323486312293e-05,8.33323486312293e-05,FALSE,FALSE,0
